Price,SMA_20,SMA_50,SMA_100,SMA_200,Momentum_20,Momentum_50,Volume_Uptrend,Golden_Cross,SMA_50_above_200,SMA_20_above_50,SMA_50_above_100,SMA_20_above_200,Perfect_Setup,Abs_30d,Abs_90d,Abs_180d,Rel_30d,Rel_90d,Rel_180d,Ticker
1039.0,1051.31,1058.19,1086.33,1054.27,-0.12,-9.19,False,False,True,False,False,False,False,-3.94%,1.37%,-7.20%,-3.08%,1.33%,-14.78%,360ONE.NS
29125.0,30245.5,30629.61,29896.83,29393.79,-6.93,-2.1,False,False,True,False,True,True,False,-6.53%,-2.78%,-1.42%,-5.68%,-2.82%,-9.00%,3MINDIA.NS
5196.5,5247.8,5223.0,5562.27,5658.11,0.16,-9.53,False,False,False,True,False,False,False,1.07%,-13.44%,-14.78%,1.92%,-13.48%,-22.36%,ABB.NS
1829.9,1849.07,1832.31,1872.94,1913.49,-0.72,-6.59,False,False,False,True,False,False,False,-1.08%,-4.31%,-5.60%,-0.23%,-4.35%,-13.18%,ACC.NS
288.3,295.83,287.98,271.78,241.31,-3.43,1.57,False,False,True,True,True,True,False,0.31%,13.52%,26.96%,1.17%,13.48%,19.38%,ACMESOLAR.NS
3239.6,3082.52,3112.24,3234.22,3284.34,5.37,-3.31,True,False,False,False,False,False,False,4.13%,-3.49%,-3.20%,4.98%,-3.53%,-10.78%,AIAENG.NS
1739.0,1686.71,1637.19,1709.67,1609.4,6.05,4.72,True,False,True,True,False,True,False,7.30%,-5.07%,14.75%,8.16%,-5.11%,7.17%,APLAPOLLO.NS
726.85,714.93,730.63,746.01,660.76,0.73,-8.56,True,False,True,False,False,True,False,-4.17%,4.13%,26.53%,-3.32%,4.09%,18.95%,AUBANK.NS
263.0,260.48,259.28,262.09,267.17,-1.59,-6.24,False,False,False,True,False,False,False,1.15%,-0.21%,-1.50%,2.01%,-0.25%,-9.08%,AWL.NS
509.9,521.0,512.48,481.73,451.04,1.6,1.03,False,False,True,True,True,True,False,1.48%,13.50%,20.56%,2.34%,13.46%,12.98%,AADHARHFC.NS
380.0,385.04,390.63,427.4,421.96,-1.41,-9.92,False,False,False,False,False,False,False,-0.50%,-20.45%,-6.92%,0.36%,-20.49%,-14.50%,AARTIIND.NS
1638.9,1623.92,1672.81,1773.06,1784.48,7.26,-13.91,False,False,False,False,False,False,False,-2.62%,-7.17%,-1.72%,-1.77%,-7.21%,-9.30%,AAVAS.NS
29875.0,30578.75,31997.76,31971.27,30440.58,-8.29,-11.25,True,False,True,False,True,True,False,-8.46%,0.57%,7.28%,-7.60%,0.53%,-0.30%,ABBOTINDIA.NS
1072.6,1111.95,1080.63,1149.89,1206.23,0.1,-5.76,False,False,False,True,False,False,False,7.37%,-20.68%,-19.92%,8.22%,-20.72%,-27.50%,ACE.NS
896.3,846.01,820.25,847.65,822.08,17.36,2.83,True,False,False,True,False,True,False,8.75%,1.95%,30.13%,9.60%,1.91%,22.55%,ADANIENSOL.NS
2594.3,2454.0,2396.32,2471.82,2403.09,13.35,0.25,True,False,False,True,False,True,False,9.13%,3.21%,9.03%,9.99%,3.17%,1.45%,ADANIENT.NS
1066.2,1012.93,980.48,992.02,970.84,13.95,5.18,True,False,True,True,False,True,False,10.30%,6.42%,5.89%,11.16%,6.38%,-1.69%,ADANIGREEN.NS
1422.9,1396.54,1369.87,1394.21,1277.4,6.79,0.15,False,False,True,True,False,True,False,4.49%,1.33%,27.99%,5.34%,1.29%,20.41%,ADANIPORTS.NS
152.9,137.39,125.75,119.9,111.55,25.47,29.46,True,False,True,True,True,True,False,28.23%,38.82%,42.36%,29.08%,38.78%,34.78%,ADANIPOWER.NS
641.3,632.39,620.65,641.51,635.64,7.39,-0.87,True,False,False,True,False,False,False,3.78%,-4.67%,-4.22%,4.63%,-4.72%,-11.80%,ATGL.NS
301.0,288.56,279.44,264.3,221.05,7.79,12.08,True,False,True,True,True,True,False,3.33%,37.43%,72.62%,4.19%,37.39%,65.04%,ABCAPITAL.NS
87.2,88.34,81.51,91.88,178.03,7.11,15.28,True,False,False,True,False,False,False,15.27%,0.23%,-67.72%,16.12%,0.19%,-75.30%,ABFRL.NS
1644.9,1822.97,1857.97,2060.85,2067.8,-7.44,-22.51,True,False,False,False,False,False,False,-11.31%,-24.99%,-20.56%,-10.45%,-25.03%,-28.14%,ABREL.NS
801.95,827.29,847.56,798.24,734.04,-4.31,-4.67,True,False,True,False,True,True,False,-10.48%,12.71%,5.36%,-9.62%,12.66%,-2.23%,ABSLAMC.NS
786.7,750.18,730.84,758.05,763.65,12.11,3.92,True,False,False,True,False,False,False,6.69%,-1.75%,-2.41%,7.54%,-1.80%,-9.99%,AEGISLOG.NS
454.0,449.72,431.05,432.01,448.37,4.55,6.2,False,False,False,True,False,True,False,6.12%,6.79%,-7.98%,6.98%,6.75%,-15.56%,AFCONS.NS
1965.0,2038.8,1972.99,1920.53,1747.85,3.18,3.57,False,False,True,True,True,True,False,1.43%,13.15%,24.11%,2.29%,13.10%,16.53%,AFFLE.NS
2400.0,2543.92,2617.31,2610.54,2656.38,-2.12,-13.44,False,False,False,False,True,False,False,-11.22%,-7.40%,-15.32%,-10.36%,-7.44%,-22.90%,AJANTPHARM.NS
455.0,463.51,482.72,522.54,530.63,-4.02,-16.46,True,False,False,False,False,False,False,-5.30%,-21.19%,-25.32%,-4.44%,-21.23%,-32.90%,AKUMS.NS
912.0,943.82,957.51,964.68,934.36,-3.38,-10.22,False,False,True,False,False,True,False,-7.15%,-7.14%,-8.00%,-6.30%,-7.18%,-15.58%,APLLTD.NS
5469.0,5426.35,5255.92,5113.57,5064.78,3.18,9.59,True,False,True,True,True,True,False,1.43%,4.36%,2.70%,2.28%,4.32%,-4.88%,ALKEM.NS
1900.0,2044.42,2108.5,2080.03,1904.6,-6.67,-15.74,True,False,True,False,True,True,False,-9.70%,1.46%,7.94%,-8.84%,1.42%,0.36%,ALKYLAMINE.NS
17.52,18.24,18.39,19.15,18.51,-4.63,-14.29,False,False,False,False,False,False,False,-4.21%,-13.22%,-9.27%,-3.35%,-13.27%,-16.85%,ALOKINDS.NS
995.85,1014.96,991.09,992.06,1017.82,-2.53,-0.17,False,False,False,True,False,False,False,0.77%,-4.47%,-3.38%,1.63%,-4.51%,-10.96%,ARE&M.NS
8232.0,8093.6,7703.1,7264.4,6928.69,7.73,11.71,False,False,True,True,True,True,False,12.27%,27.71%,19.34%,13.12%,27.67%,11.76%,AMBER.NS
573.15,573.31,584.23,575.05,548.95,1.04,-6.54,True,False,True,False,True,True,False,-3.17%,2.23%,16.64%,-2.31%,2.19%,9.05%,AMBUJACEM.NS
2881.7,2952.68,2820.58,2449.96,2152.09,-1.54,8.93,True,False,True,True,True,True,False,2.50%,51.72%,45.75%,3.36%,51.68%,38.17%,ANANDRATHI.NS
697.6,609.09,571.75,560.12,583.38,28.24,22.43,True,False,False,True,True,True,False,26.21%,35.17%,-15.84%,27.06%,35.13%,-23.42%,ANANTRAJ.NS
2170.3,2235.31,2419.91,2653.94,2518.84,-4.48,-22.64,False,False,False,False,False,False,False,-14.48%,-27.46%,-6.79%,-13.63%,-27.51%,-14.37%,ANGELONE.NS
8224.0,8449.55,8506.44,8345.45,7772.92,4.6,-9.96,False,False,True,False,True,True,False,-0.02%,5.53%,-20.05%,0.84%,5.49%,-27.63%,APARINDS.NS
7460.0,7752.7,7621.95,7364.84,7060.84,-2.89,2.96,True,False,True,True,True,True,False,-5.37%,5.60%,9.36%,-4.51%,5.56%,1.78%,APOLLOHOSP.NS
468.3,481.97,465.03,463.02,453.18,-4.0,3.94,False,False,True,True,True,True,False,0.21%,-4.19%,6.81%,1.07%,-4.23%,-0.78%,APOLLOTYRE.NS
325.45,330.41,337.33,332.52,317.17,2.09,-7.21,False,False,True,False,True,True,False,-8.36%,-5.43%,16.38%,-7.51%,-5.47%,8.80%,APTUS.NS
866.45,875.53,856.96,811.56,740.24,3.61,3.25,True,False,True,True,True,True,False,1.00%,20.33%,35.08%,1.86%,20.28%,27.50%,ASAHIINDIA.NS
141.01,137.59,130.27,125.77,116.6,8.28,13.72,False,False,True,True,True,True,False,7.63%,18.18%,34.26%,8.49%,18.14%,26.68%,ASHOKLEY.NS
2339.7,2473.28,2476.5,2396.69,2340.18,-8.39,-1.08,False,False,True,False,True,True,False,-8.84%,2.52%,5.42%,-7.99%,2.48%,-2.16%,ASIANPAINT.NS
631.7,632.59,613.11,597.01,535.21,1.86,5.72,False,False,True,True,True,True,False,4.20%,16.59%,27.68%,5.06%,16.55%,20.10%,ASTERDM.NS
9220.0,9003.78,8811.79,8887.33,8211.29,1.37,2.39,False,False,True,True,False,True,False,9.87%,17.34%,31.54%,10.72%,17.30%,23.96%,ASTRAZEN.NS
1377.4,1432.58,1408.99,1448.24,1435.67,-3.39,-6.45,False,False,False,True,False,False,False,-3.10%,-9.52%,-7.61%,-2.24%,-9.56%,-15.19%,ASTRAL.NS
6160.0,6311.9,6425.33,6801.48,6500.15,-3.83,-9.02,True,False,False,False,False,False,False,-2.92%,-13.31%,-8.26%,-2.06%,-13.35%,-15.84%,ATUL.NS
1086.9,1083.5,1078.76,1114.37,1144.64,6.33,-4.17,True,False,False,True,False,False,False,3.87%,-8.41%,-6.06%,4.73%,-8.45%,-13.65%,AUROPHARMA.NS
3099.0,3107.92,3001.55,2743.77,2218.93,-2.16,7.42,False,False,True,True,True,True,False,8.33%,39.28%,77.76%,9.19%,39.24%,70.17%,AIIL.NS
4452.0,4665.98,4494.74,4323.42,4062.89,-4.87,10.64,True,False,True,True,True,True,False,-6.03%,8.74%,26.93%,-5.18%,8.70%,19.35%,DMART.NS
1161.4,1115.86,1088.06,1138.76,1101.98,10.12,5.77,True,False,False,True,False,True,False,7.65%,-2.70%,10.53%,8.50%,-2.74%,2.95%,AXISBANK.NS
4596.0,4599.2,4659.38,4850.57,4764.84,-1.56,-8.68,True,False,False,False,False,False,False,0.07%,-13.32%,-6.47%,0.93%,-13.36%,-14.05%,BASF.NS
4319.9,4231.09,4094.66,4191.84,3708.68,5.3,-0.54,True,False,True,True,False,True,False,7.25%,1.98%,23.72%,8.10%,1.93%,16.13%,BEML.NS
332.05,357.05,367.89,375.17,389.86,-10.15,-12.07,True,False,False,False,False,False,False,-9.23%,-19.89%,-22.60%,-8.37%,-19.94%,-30.19%,BLS.NS
2080.5,2177.29,2298.35,2461.45,2139.03,-6.03,-18.36,True,False,True,False,False,True,False,-10.79%,-13.46%,14.63%,-9.94%,-13.50%,7.04%,BSE.NS
8616.0,8999.58,8663.84,8518.91,8303.57,-5.48,3.87,True,False,True,True,True,True,False,-0.79%,-0.17%,2.59%,0.07%,-0.21%,-4.99%,BAJAJ-AUTO.NS
987.35,987.64,928.68,926.73,871.4,10.16,3.65,True,False,True,True,True,True,False,10.24%,7.05%,35.25%,11.10%,7.01%,27.67%,BAJFINANCE.NS
2010.0,2043.23,1987.94,2002.01,1914.95,2.23,-1.45,False,False,True,True,False,True,False,1.52%,-0.56%,17.36%,2.37%,-0.61%,9.78%,BAJAJFINSV.NS
12000.0,12971.98,13325.96,13509.72,12517.88,-7.4,-14.29,True,False,True,False,False,True,False,-11.98%,-11.26%,13.78%,-11.12%,-11.30%,6.19%,BAJAJHLDNG.NS
111.55,112.55,113.32,117.86,118.42,-1.45,-8.16,True,False,False,False,False,False,False,-1.30%,-9.87%,-3.71%,-0.45%,-9.91%,-11.29%,BAJAJHFL.NS
2301.0,2396.62,2445.67,2496.05,2570.9,-2.64,-16.42,False,False,False,False,False,False,False,-4.68%,-6.87%,-14.57%,-3.83%,-6.91%,-22.15%,BALKRISIND.NS
456.0,513.67,548.72,569.66,539.75,-15.81,-26.18,False,False,True,False,False,False,False,-20.38%,-19.48%,-6.99%,-19.53%,-19.52%,-14.57%,BALRAMCHIN.NS
163.3,162.94,165.99,170.53,160.33,-0.87,-8.92,True,False,True,False,False,True,False,-7.65%,-2.61%,11.39%,-6.79%,-2.65%,3.81%,BANDHANBNK.NS
259.55,245.49,242.4,240.87,229.65,8.86,8.38,True,False,True,True,True,True,False,6.65%,10.48%,20.01%,7.51%,10.44%,12.43%,BANKBARODA.NS
124.5,118.2,115.03,115.59,108.36,9.62,10.05,True,False,True,True,False,True,False,7.37%,7.57%,36.35%,8.23%,7.53%,28.77%,BANKINDIA.NS
55.93,55.08,54.89,54.82,51.43,5.89,-0.8,True,False,True,True,True,True,False,1.21%,9.30%,9.30%,2.07%,9.26%,1.72%,MAHABANK.NS
1186.0,1225.04,1177.63,1200.76,1238.43,2.03,-1.2,False,False,False,True,False,False,False,6.03%,-6.40%,-11.05%,6.88%,-6.45%,-18.64%,BATAINDIA.NS
4922.0,5121.62,5544.11,5606.31,5308.9,-5.6,-22.0,True,False,True,False,False,False,False,-11.54%,-3.51%,-6.94%,-10.68%,-3.55%,-14.52%,BAYERCROP.NS
528.0,534.88,543.49,553.84,522.39,-2.91,-6.2,True,False,True,False,False,True,False,-2.85%,-3.59%,17.75%,-2.00%,-3.63%,10.17%,BERGEPAINT.NS
1544.0,1536.7,1545.34,1717.2,1478.14,5.46,-10.06,True,False,True,False,False,True,False,1.63%,-19.43%,34.50%,2.48%,-19.47%,26.92%,BDL.NS
407.05,395.41,386.76,391.94,337.4,7.49,1.21,True,False,True,True,False,True,False,8.78%,4.49%,52.00%,9.63%,4.45%,44.42%,BEL.NS
1220.0,1217.42,1183.62,1224.55,1185.16,7.43,1.27,True,False,False,True,False,True,False,5.71%,-1.88%,3.20%,6.57%,-1.92%,-4.38%,BHARATFORG.NS
240.1,229.64,227.7,241.49,226.62,10.66,-3.95,True,False,True,True,False,True,False,9.90%,-9.75%,22.07%,10.75%,-9.79%,14.49%,BHEL.NS
339.4,324.19,321.68,321.63,296.73,7.8,1.22,True,False,True,True,True,True,False,6.08%,7.09%,30.02%,6.93%,7.05%,22.44%,BPCL.NS
1869.5,1914.06,1908.41,1899.4,1785.64,-0.76,-1.96,True,False,True,True,True,True,False,-3.13%,1.56%,17.81%,-2.27%,1.52%,10.23%,BHARTIARTL.NS
1657.0,1718.22,1761.7,1774.51,1602.64,-6.52,-8.59,True,False,True,False,False,True,False,-6.54%,-3.73%,17.63%,-5.68%,-3.77%,10.05%,BHARTIHEXA.NS
733.5,770.33,765.84,751.24,722.26,-6.55,-3.72,False,False,True,True,True,True,False,-5.63%,-1.29%,6.95%,-4.78%,-1.33%,-0.63%,BIKAJI.NS
346.8,357.82,363.9,359.1,352.91,-4.08,-10.43,False,False,True,False,True,True,False,-3.06%,3.86%,-10.42%,-2.21%,3.82%,-18.00%,BIOCON.NS
350.8,371.27,378.26,398.91,431.2,-6.96,-13.23,True,False,False,False,False,False,False,-7.97%,-16.35%,-33.56%,-7.12%,-16.39%,-41.14%,BSOFT.NS
5709.0,5730.52,5869.02,6236.48,6313.05,-0.78,-14.92,True,False,False,False,False,False,False,-2.44%,-15.14%,-7.89%,-1.59%,-15.18%,-15.47%,BLUEDART.NS
1879.1,1918.82,1861.72,1760.39,1862.57,-4.16,6.51,False,False,False,True,True,True,False,-1.17%,21.38%,0.97%,-0.31%,21.34%,-6.61%,BLUESTARCO.NS
1809.0,1875.66,1866.4,1916.55,1923.72,-1.45,-7.02,True,False,False,True,False,False,False,-1.81%,-10.91%,-7.67%,-0.96%,-10.95%,-15.25%,BBTC.NS
38445.0,40005.75,39465.43,36015.02,32570.8,-5.74,1.87,False,False,True,True,True,True,False,-3.55%,19.95%,22.87%,-2.69%,19.91%,15.29%,BOSCHLTD.NS
369.3,384.62,372.95,371.12,403.53,1.92,0.79,False,False,False,True,True,False,False,-5.09%,3.97%,-25.90%,-4.23%,3.93%,-33.48%,FIRSTCRY.NS
896.0,924.51,952.62,1040.49,1050.4,-3.85,-17.35,True,False,False,False,False,False,False,-7.40%,-17.34%,-16.92%,-6.54%,-17.38%,-24.50%,BRIGADE.NS
5973.0,6078.68,5793.55,5682.65,5300.93,1.1,6.0,False,False,True,True,True,True,False,6.71%,10.57%,24.45%,7.56%,10.53%,16.87%,BRITANNIA.NS
1640.9,1642.11,1716.82,1788.08,1737.27,-0.09,-9.3,False,False,False,False,False,False,False,-7.95%,-15.67%,0.24%,-7.09%,-15.71%,-7.34%,MAPMYINDIA.NS
854.8,899.54,883.59,859.6,745.26,-7.45,-0.93,False,False,True,True,True,True,False,-5.15%,2.14%,31.77%,-4.29%,2.10%,24.19%,CCL.NS
162.5,162.88,164.11,167.69,159.78,4.73,-8.67,True,False,True,False,False,True,False,-1.35%,-2.71%,8.91%,-0.49%,-2.75%,1.33%,CESC.NS
740.0,764.12,711.53,697.19,665.82,0.91,8.22,False,False,True,True,True,True,False,9.22%,7.60%,15.83%,10.07%,7.56%,8.25%,CGPOWER.NS
4479.9,4937.71,5166.86,5351.69,5154.7,-11.68,-23.98,True,False,True,False,False,False,False,-17.51%,-12.37%,-20.31%,-16.66%,-12.41%,-27.89%,CRISIL.NS
270.25,272.87,270.13,274.54,270.19,1.96,-9.46,False,False,False,True,False,True,False,0.43%,-2.33%,-4.79%,1.28%,-2.37%,-12.37%,CAMPUS.NS
783.0,761.21,758.7,768.37,720.33,8.77,-4.16,True,False,True,True,False,True,False,1.94%,4.40%,16.13%,2.80%,4.36%,8.55%,CANFINHOME.NS
123.62,115.46,111.29,110.75,100.26,14.11,14.41,True,False,True,True,True,True,False,11.30%,15.42%,37.36%,12.15%,15.38%,29.78%,CANBK.NS
2067.0,2206.33,2137.5,2112.17,2093.13,-2.71,-1.44,True,False,True,True,True,True,False,-2.41%,-4.57%,-8.25%,-1.56%,-4.61%,-15.83%,CAPLIPOINT.NS
188.4,187.96,186.64,177.16,175.12,0.12,3.67,False,False,True,True,True,True,False,-0.61%,19.06%,7.78%,0.24%,19.02%,0.20%,CGCL.NS
921.0,961.15,931.55,952.28,1012.9,-2.78,-5.75,False,False,False,True,False,False,False,-2.59%,-7.12%,-25.32%,-1.74%,-7.16%,-32.91%,CARBORUNIV.NS
201.18,200.13,205.83,208.98,203.0,1.33,-7.13,False,False,True,False,False,False,False,-3.59%,-0.97%,14.33%,-2.74%,-1.01%,6.75%,CASTROLIND.NS
3474.0,3397.11,3287.1,3490.78,3206.49,4.67,0.38,False,False,True,True,False,True,False,9.16%,-6.21%,15.21%,10.02%,-6.25%,7.63%,CEATLTD.NS
37.65,36.84,36.33,37.26,41.25,5.52,-0.18,True,False,False,True,False,False,False,3.52%,1.44%,-31.28%,4.37%,1.40%,-38.86%,CENTRALBK.NS
1479.0,1529.95,1536.47,1589.96,1474.73,-2.61,-13.04,False,False,True,False,False,True,False,-5.77%,-1.86%,-5.18%,-4.91%,-1.90%,-12.76%,CDSL.NS
797.95,803.72,766.54,758.51,755.22,2.44,9.51,True,False,True,True,True,True,False,7.88%,3.06%,4.92%,8.74%,3.02%,-2.66%,CENTURYPLY.NS
6100.5,6272.5,6368.05,6514.46,6329.0,-3.29,-11.18,False,False,True,False,False,False,False,-5.82%,-3.52%,-8.05%,-4.96%,-3.56%,-15.63%,CERA.NS
960.0,1018.82,972.15,937.22,880.47,-4.39,2.98,False,False,True,True,True,True,False,-3.81%,4.27%,11.37%,-2.95%,4.23%,3.79%,CHALET.NS
511.5,540.12,541.64,552.72,556.98,-8.51,-6.41,False,False,False,False,False,False,False,-9.14%,-13.09%,13.63%,-8.28%,-13.13%,6.05%,CHAMBLFERT.NS
759.0,737.6,698.07,689.27,628.89,8.49,-1.94,False,False,True,True,True,True,False,15.10%,11.78%,33.03%,15.95%,11.73%,25.45%,CHENNPETRO.NS
1890.0,1879.04,1865.01,1927.01,1766.38,8.11,-9.8,True,False,True,True,False,True,False,0.22%,-3.17%,28.57%,1.08%,-3.21%,20.99%,CHOLAHLDNG.NS
1603.0,1559.38,1511.48,1547.74,1467.32,11.33,2.45,True,False,True,True,False,True,False,5.58%,-2.63%,26.33%,6.43%,-2.67%,18.74%,CHOLAFIN.NS
1511.6,1546.92,1544.44,1514.53,1487.53,-3.67,2.56,False,False,True,True,True,True,False,-2.23%,2.99%,5.94%,-1.38%,2.94%,-1.64%,CIPLA.NS
212.0,204.37,207.07,203.8,184.79,7.43,0.71,True,False,True,False,True,True,False,-0.17%,9.10%,29.48%,0.68%,9.06%,21.89%,CUB.NS
1097.6,1150.2,1174.76,1299.24,1300.49,-6.19,-15.2,False,False,False,False,False,False,False,-4.15%,-22.75%,-19.45%,-3.29%,-22.79%,-27.03%,CLEAN.NS
389.85,392.39,381.77,382.25,376.35,2.57,3.66,False,False,True,True,False,True,False,2.71%,0.25%,12.12%,3.57%,0.21%,4.53%,COALINDIA.NS
1863.0,1794.73,1745.14,1887.05,1655.44,7.33,1.38,True,False,True,True,False,True,False,9.26%,-4.45%,31.03%,10.12%,-4.49%,23.45%,COCHINSHIP.NS
1601.8,1692.09,1700.69,1752.16,1680.63,-7.51,-13.61,True,False,True,False,False,True,False,-7.31%,-5.19%,-6.14%,-6.46%,-5.23%,-13.72%,COFORGE.NS
2228.8,2337.04,2293.64,2372.12,2469.87,-6.43,-6.33,False,False,False,True,False,False,False,-5.18%,-11.09%,-16.96%,-4.32%,-11.13%,-24.55%,COLPAL.NS
3831.0,3891.18,3876.36,3968.97,3947.3,-0.23,-8.77,True,False,False,True,False,False,False,-0.13%,-2.96%,-14.25%,0.73%,-3.00%,-21.83%,CAMS.NS
1630.3,1634.49,1684.63,1732.97,1797.02,-2.84,-14.53,True,False,False,False,False,False,False,-3.11%,6.76%,-27.63%,-2.26%,6.72%,-35.22%,CONCORDBIO.NS
526.2,544.58,553.7,578.83,582.53,-3.41,-13.97,True,False,False,False,False,False,False,-5.61%,-13.97%,-8.68%,-4.76%,-14.01%,-16.26%,CONCOR.NS
2250.0,2255.28,2358.72,2350.23,2128.37,-3.82,-2.64,True,False,True,False,True,True,False,-5.56%,-6.00%,17.71%,-4.70%,-6.04%,10.13%,COROMANDEL.NS
6723.0,6784.7,6746.56,6154.77,5428.13,-6.1,5.01,False,False,True,True,True,True,False,-2.23%,22.95%,29.39%,-1.37%,22.91%,21.81%,CRAFTSMAN.NS
1401.6,1348.9,1330.07,1267.25,1125.98,1.39,9.53,True,False,True,True,True,True,False,0.42%,18.19%,46.14%,1.27%,18.15%,38.56%,CREDITACC.NS
293.3,310.39,319.32,332.29,340.24,-11.82,-11.92,True,False,False,False,False,False,False,-8.59%,-16.09%,-17.16%,-7.73%,-16.13%,-24.74%,CROMPTON.NS
3848.3,4004.43,3838.82,3553.19,3234.27,-0.95,7.27,False,False,True,True,True,True,False,-0.98%,30.53%,32.94%,-0.12%,30.49%,25.36%,CUMMINSIND.NS
1154.6,1203.57,1207.67,1253.08,1348.29,-3.16,-9.7,False,False,False,False,False,False,False,-4.52%,-13.62%,-32.95%,-3.66%,-13.66%,-40.53%,CYIENT.NS
1170.1,1224.91,1283.47,1234.82,1145.31,-5.65,-16.12,False,False,True,False,True,True,False,-7.40%,12.69%,12.40%,-6.54%,12.65%,4.81%,DCMSHRIRAM.NS
722.45,753.12,764.89,789.58,749.51,-5.49,-13.93,True,False,True,False,False,True,False,-6.56%,-5.73%,0.62%,-5.71%,-5.77%,-6.96%,DLF.NS
2510.0,2586.71,2478.02,2479.4,2581.45,2.77,5.71,False,False,False,True,False,True,False,1.65%,0.78%,-4.31%,2.51%,0.74%,-11.89%,DOMS.NS
494.5,527.17,522.7,504.1,500.81,-9.02,-3.99,True,False,True,True,True,True,False,-4.11%,3.05%,-2.54%,-3.26%,3.00%,-10.13%,DABUR.NS
2232.0,2362.2,2321.55,2221.67,2012.0,-7.45,-3.8,False,False,True,True,True,True,False,-4.98%,9.15%,29.41%,-4.12%,9.11%,21.83%,DALBHARAT.NS
2640.0,2669.17,2608.39,2746.38,2368.56,3.67,-5.7,True,False,True,True,False,True,False,1.54%,-6.95%,23.21%,2.40%,-6.99%,15.63%,DATAPATTNS.NS
1548.6,1464.86,1479.83,1503.57,1326.69,7.36,-2.35,True,False,True,False,False,True,False,2.65%,7.96%,37.84%,3.51%,7.92%,30.26%,DEEPAKFERT.NS
1843.0,1797.17,1818.19,1895.46,2020.86,4.58,-4.0,False,False,False,False,False,False,False,1.78%,-7.47%,-20.94%,2.63%,-7.51%,-28.52%,DEEPAKNTR.NS
435.15,464.09,460.4,418.55,358.38,-8.96,-0.39,False,False,True,True,True,True,False,-7.80%,21.36%,34.31%,-6.94%,21.32%,26.72%,DELHIVERY.NS
170.9,178.39,171.35,171.9,171.18,-2.47,-3.46,True,False,True,True,False,True,False,-1.84%,-1.35%,-4.15%,-0.99%,-1.39%,-11.73%,DEVYANI.NS
5710.5,5978.88,6144.72,6385.76,6092.37,-7.36,-13.25,True,False,True,False,False,False,False,-5.27%,-13.55%,-4.24%,-4.41%,-13.60%,-11.82%,DIVISLAB.NS
16485.0,17870.26,17145.25,16154.37,15774.08,-6.04,1.3,True,False,True,True,True,True,False,-2.27%,9.29%,4.15%,-1.42%,9.25%,-3.43%,DIXON.NS
3152.1,3274.07,3245.06,3049.47,2882.53,-2.36,6.2,False,False,True,True,True,True,False,-8.66%,11.09%,10.74%,-7.80%,11.05%,3.16%,LALPATHLAB.NS
1248.2,1286.76,1266.18,1269.24,1238.35,-0.44,-0.88,True,False,True,True,False,True,False,0.22%,1.04%,-5.92%,1.08%,1.00%,-13.50%,DRREDDY.NS
1036.0,1071.06,1127.34,1078.06,942.95,-7.8,-11.27,False,False,True,False,True,True,False,-11.48%,5.10%,29.78%,-10.63%,5.06%,22.19%,EIDPARRY.NS
364.5,392.58,389.09,378.42,375.06,-11.64,-3.79,False,False,True,True,True,True,False,-9.40%,0.26%,-6.84%,-8.54%,0.22%,-14.42%,EIHOTEL.NS
6990.0,6882.15,6223.42,5824.77,5462.89,9.71,30.17,False,False,True,True,True,True,False,16.99%,32.93%,40.78%,17.84%,32.89%,33.20%,EICHERMOT.NS
587.2,590.04,575.79,616.09,566.19,5.81,-2.3,True,False,True,True,False,True,False,2.07%,-12.59%,-1.08%,2.92%,-12.63%,-8.66%,ELECON.NS
482.0,484.81,510.61,514.16,509.16,1.72,-12.2,False,False,True,False,False,False,False,-5.06%,0.99%,-14.39%,-4.21%,0.94%,-21.97%,ELGIEQUIP.NS
541.0,584.86,586.9,585.72,581.74,-8.44,-7.28,True,False,True,False,True,True,False,-12.64%,-6.56%,-2.33%,-11.78%,-6.60%,-9.92%,EMAMILTD.NS
1311.1,1338.39,1389.45,1336.08,1241.08,-4.4,-3.25,False,False,True,False,True,True,False,-12.85%,-3.34%,-0.34%,-12.00%,-3.38%,-7.92%,EMCURE.NS
2805.8,2887.52,2755.58,2626.0,2301.69,-4.56,5.79,False,False,True,True,True,True,False,-2.67%,17.58%,34.33%,-1.82%,17.54%,26.75%,ENDURANCE.NS
202.0,203.72,203.58,213.79,191.05,0.03,-15.77,True,False,True,True,False,True,False,4.51%,-3.47%,22.84%,5.37%,-3.51%,15.26%,ENGINERSIN.NS
1624.0,1667.94,1725.66,1687.68,1506.81,-8.3,-8.18,True,False,True,False,True,True,False,-7.50%,3.41%,30.82%,-6.64%,3.37%,23.24%,ERIS.NS
3649.0,3659.39,3552.0,3445.3,3332.55,-0.77,5.96,True,False,True,True,True,True,False,2.05%,8.76%,7.03%,2.90%,8.72%,-0.55%,ESCORTS.NS
329.45,329.35,318.75,284.67,259.12,1.03,21.26,False,False,True,True,True,True,False,0.89%,46.56%,45.04%,1.74%,46.52%,37.45%,ETERNAL.NS
395.15,409.57,397.87,391.43,382.78,-5.71,0.23,False,False,True,True,True,True,False,-1.32%,2.72%,3.92%,-0.47%,2.68%,-3.67%,EXIDEIND.NS
242.05,239.68,227.16,215.31,194.57,1.83,10.01,False,False,True,True,True,True,False,7.60%,20.52%,46.76%,8.46%,20.48%,39.18%,NYKAA.NS
193.61,194.16,196.21,201.49,195.33,0.2,-8.29,False,False,True,False,False,False,False,-2.33%,-3.39%,1.15%,-1.48%,-3.43%,-6.43%,FEDERALBNK.NS
887.05,975.51,965.52,961.95,880.91,-10.3,-7.57,False,False,True,True,True,True,False,-12.52%,-3.54%,2.24%,-11.67%,-3.58%,-5.35%,FACT.NS
820.4,834.51,843.41,896.52,923.1,-3.35,-10.12,False,False,False,False,False,False,False,-2.68%,-15.73%,-18.19%,-1.82%,-15.77%,-25.77%,FINCABLES.NS
199.92,212.72,206.02,207.87,201.8,-7.02,-2.1,False,False,True,True,False,True,False,-0.64%,-10.22%,-2.62%,0.22%,-10.26%,-10.20%,FINPIPE.NS
327.6,356.28,355.82,364.67,355.84,-11.22,-6.59,True,False,False,True,False,True,False,-11.76%,-15.22%,-10.50%,-10.90%,-15.26%,-18.08%,FSL.NS
534.05,531.51,569.52,650.88,683.87,0.16,-25.96,False,False,False,False,False,False,False,-8.57%,-22.51%,-16.68%,-7.71%,-22.55%,-24.26%,FIVESTAR.NS
989.0,961.19,924.15,839.56,745.96,3.39,22.38,True,False,True,True,True,True,False,4.37%,39.34%,49.22%,5.23%,39.30%,41.64%,FORTIS.NS
174.0,177.03,176.31,182.14,177.86,-2.26,-4.9,True,False,False,True,False,False,False,-2.12%,-9.95%,3.22%,-1.27%,-9.99%,-4.36%,GAIL.NS
3066.2,2899.91,2793.45,2522.98,2087.34,8.83,25.31,True,False,True,True,True,True,False,12.36%,38.15%,62.78%,13.21%,38.11%,55.20%,GVT&D.NS
89.95,88.87,89.25,88.17,82.86,2.95,-2.14,True,False,True,False,True,True,False,1.11%,4.25%,24.58%,1.97%,4.21%,17.00%,GMRAIRPORT.NS
2655.0,2535.28,2541.39,2707.77,2131.19,7.06,1.62,True,False,True,False,False,True,False,2.23%,-2.45%,81.80%,3.09%,-2.49%,74.22%,GRSE.NS
367.6,366.04,368.8,377.04,390.7,1.41,-1.58,False,False,False,False,False,False,False,-1.35%,-8.32%,-10.76%,-0.49%,-8.36%,-18.34%,GICRE.NS
9580.0,10052.1,10297.49,10095.93,9305.16,-4.83,-14.52,True,False,True,False,True,True,False,-8.11%,2.50%,0.57%,-7.25%,2.46%,-7.01%,GILLETTE.NS
1975.6,1966.16,1959.07,1828.17,1696.67,5.82,-0.98,True,False,True,True,True,True,False,1.65%,30.51%,17.62%,2.50%,30.47%,10.04%,GLAND.NS
2700.0,2768.95,2836.58,3012.02,2721.5,-3.86,-13.97,False,False,True,False,False,True,False,-3.82%,-7.61%,24.87%,-2.96%,-7.65%,17.29%,GLAXO.NS
1958.0,2048.57,2036.93,1861.22,1657.45,2.16,-10.28,True,False,True,True,True,True,False,1.89%,41.54%,30.96%,2.74%,41.50%,23.38%,GLENMARK.NS
1309.0,1354.12,1356.58,1283.59,1217.55,-5.85,0.7,True,False,True,False,True,True,False,-4.97%,8.19%,27.51%,-4.12%,8.15%,19.93%,MEDANTA.NS
344.8,353.57,358.1,347.28,324.62,-2.79,-1.85,False,False,True,False,True,True,False,-4.73%,5.57%,20.92%,-3.87%,5.53%,13.34%,GODIGIT.NS
247.19,253.45,227.41,208.01,197.13,-0.32,28.67,False,False,True,True,True,True,False,10.75%,26.80%,33.95%,11.61%,26.76%,26.37%,GPIL.NS
3378.0,3478.25,3369.44,3103.67,2537.66,-0.54,8.21,False,False,True,True,True,True,False,-8.53%,22.21%,125.57%,-7.67%,22.17%,117.99%,GODFRYPHLP.NS
696.8,728.74,764.77,762.13,746.56,-6.12,-11.83,True,False,True,False,True,False,False,-8.44%,-5.68%,-5.09%,-7.59%,-5.72%,-12.67%,GODREJAGRO.NS
1148.6,1224.84,1227.06,1228.24,1173.74,-10.53,-6.89,True,False,True,False,False,True,False,-7.88%,-9.15%,0.33%,-7.03%,-9.19%,-7.26%,GODREJCP.NS
1187.4,1203.44,1189.9,1197.9,1124.17,-3.0,2.83,True,False,True,True,False,True,False,-7.54%,1.65%,19.41%,-6.69%,1.61%,11.83%,GODREJIND.NS
2030.1,2020.94,2041.76,2176.91,2209.31,0.9,-14.11,True,False,False,False,False,False,False,-1.14%,-9.05%,-12.04%,-0.29%,-9.09%,-19.62%,GODREJPROP.NS
544.5,528.12,491.95,497.75,510.1,5.02,14.48,True,False,False,True,False,True,False,17.86%,4.55%,-6.44%,18.71%,4.51%,-14.02%,GRANULES.NS
546.15,545.56,540.04,540.84,504.84,4.04,-2.93,False,False,True,True,False,True,False,0.91%,4.78%,11.73%,1.77%,4.74%,4.15%,GRAPHITE.NS
2792.0,2808.21,2784.7,2746.36,2626.79,0.38,2.92,False,False,True,True,True,True,False,-3.10%,8.71%,21.27%,-2.24%,8.67%,13.69%,GRASIM.NS
1563.1,1650.04,1718.84,1776.02,1848.86,-7.45,-8.77,False,False,False,False,False,False,False,-9.39%,-18.06%,-22.97%,-8.53%,-18.10%,-30.56%,GRAVITA.NS
997.55,1007.51,973.89,970.16,938.01,4.04,1.54,True,False,True,True,True,True,False,1.78%,6.80%,9.28%,2.63%,6.76%,1.70%,GESHIP.NS
3710.5,3646.17,3543.82,3592.87,3731.59,9.35,6.12,True,False,False,True,False,False,False,8.75%,-7.48%,-2.17%,9.60%,-7.52%,-9.75%,FLUOROCHEM.NS
437.05,434.41,432.81,448.3,444.78,0.23,-6.0,False,False,False,True,False,False,False,1.86%,-4.02%,-8.88%,2.71%,-4.07%,-16.46%,GUJGASLTD.NS
618.0,556.24,469.41,424.59,356.65,36.96,37.62,False,False,True,True,True,True,False,47.14%,76.46%,115.10%,47.99%,76.42%,107.52%,GMDCLTD.NS
496.7,506.04,508.71,514.48,512.75,-4.46,-5.97,False,False,False,False,False,False,False,-2.80%,-6.19%,-1.41%,-1.94%,-6.24%,-8.99%,GNFC.NS
158.5,156.04,154.19,152.84,149.3,4.04,-0.91,False,False,True,True,True,True,False,4.45%,10.51%,-1.28%,5.31%,10.47%,-8.86%,GPPL.NS
318.1,309.66,304.85,315.79,315.61,7.1,-2.65,True,False,False,True,False,False,False,6.03%,-1.09%,-6.96%,6.88%,-1.13%,-14.55%,GSPL.NS
514.0,509.99,508.96,506.84,472.1,7.48,-4.24,False,False,True,True,True,True,False,2.39%,3.19%,21.66%,3.25%,3.15%,14.08%,HEG.NS
836.5,846.77,754.31,673.8,599.74,-1.59,40.41,False,False,True,True,True,True,False,5.75%,48.49%,58.66%,6.60%,48.45%,51.08%,HBLENGINE.NS
1391.0,1438.91,1464.02,1557.54,1603.2,-5.12,-8.49,True,False,False,False,False,False,False,-6.86%,-15.41%,-21.28%,-6.01%,-15.45%,-28.86%,HCLTECH.NS
5555.0,5725.15,5671.31,5307.49,4633.01,-0.44,-0.63,False,False,True,True,True,True,False,-2.87%,17.15%,47.19%,-2.01%,17.11%,39.61%,HDFCAMC.NS
965.8,961.77,977.76,972.49,917.66,1.19,-3.76,True,False,True,False,True,True,False,-2.99%,2.66%,19.92%,-2.14%,2.61%,12.34%,HDFCBANK.NS
762.75,771.55,769.61,768.75,707.63,-2.44,3.14,False,False,True,True,True,True,False,-3.91%,-1.94%,25.66%,-3.05%,-1.98%,18.08%,HDFCLIFE.NS
73.62,73.45,73.59,79.55,85.57,2.85,-8.21,True,False,False,False,False,False,False,1.27%,-15.85%,-24.82%,2.13%,-15.89%,-32.41%,HFCL.NS
525.55,560.22,579.01,598.32,629.5,-8.34,-15.61,True,False,False,False,False,False,False,-12.01%,-12.32%,-25.85%,-11.15%,-12.36%,-33.43%,HAPPSTMNDS.NS
1485.2,1567.3,1541.46,1544.73,1551.11,-6.17,-3.03,False,False,False,True,False,True,False,-5.27%,-5.57%,-2.44%,-4.42%,-5.61%,-10.02%,HAVELLS.NS
5437.5,5361.85,4992.77,4621.16,4230.14,1.65,27.11,True,False,True,True,True,True,False,6.68%,26.54%,37.92%,7.53%,26.49%,30.33%,HEROMOTOCO.NS
449.0,461.36,468.43,473.58,475.69,-0.81,-12.64,True,False,False,False,False,False,False,-6.48%,-5.92%,-21.83%,-5.62%,-5.96%,-29.41%,HSCL.NS
766.0,748.27,716.4,687.51,654.01,3.1,11.82,False,False,True,True,True,True,False,8.30%,18.72%,30.58%,9.15%,18.68%,23.00%,HINDALCO.NS
4809.0,4703.07,4568.5,4748.37,4338.33,8.04,1.41,True,False,True,True,False,True,False,7.49%,-3.84%,26.95%,8.34%,-3.88%,19.37%,HAL.NS
334.8,284.6,259.28,257.17,242.45,35.71,23.75,True,False,True,True,True,True,False,40.33%,35.43%,48.85%,41.19%,35.39%,41.27%,HINDCOPPER.NS
433.9,409.84,401.82,403.8,378.62,12.05,3.73,True,False,True,True,False,True,False,10.37%,6.50%,19.30%,11.22%,6.46%,11.71%,HINDPETRO.NS
2535.0,2576.56,2565.86,2461.62,2379.29,-4.87,2.23,True,False,True,True,True,True,False,-4.27%,8.45%,8.18%,-3.41%,8.41%,0.60%,HINDUNILVR.NS
481.75,454.92,439.53,445.74,438.07,8.36,8.7,True,False,True,True,False,True,False,11.81%,8.56%,12.68%,12.67%,8.52%,5.10%,HINDZINC.NS
18225.0,19202.1,19684.09,19077.66,15955.58,-5.07,-9.37,True,False,True,False,True,True,False,-9.28%,-0.53%,35.76%,-8.43%,-0.57%,28.18%,POWERINDIA.NS
1234.0,1258.73,1270.36,1283.09,1160.67,-2.14,-11.44,False,False,True,False,False,True,False,-3.55%,5.19%,18.89%,-2.69%,5.14%,11.31%,HOMEFIRST.NS
284.35,298.35,287.25,293.71,263.71,-4.34,0.94,False,False,True,True,False,True,False,-4.40%,-10.80%,17.91%,-3.55%,-10.84%,10.33%,HONASA.NS
35965.0,36633.0,37552.9,38123.63,37475.89,-6.3,-11.13,True,False,True,False,False,False,False,-5.59%,-3.07%,-12.76%,-4.74%,-3.11%,-20.35%,HONAUT.NS
232.5,223.33,216.22,223.58,215.7,7.95,4.2,True,False,True,True,False,True,False,9.77%,-0.98%,11.33%,10.62%,-1.02%,3.75%,HUDCO.NS
2544.0,2617.99,2416.09,2194.45,1957.89,1.15,21.45,False,False,True,True,True,True,False,3.89%,36.41%,44.14%,4.75%,36.37%,36.56%,HYUNDAI.NS
1372.0,1395.2,1419.79,1422.88,1354.37,-1.79,-6.18,True,False,True,False,False,True,False,-5.12%,-4.90%,11.47%,-4.26%,-4.94%,3.89%,ICICIBANK.NS
1899.1,1870.74,1893.45,1916.06,1859.03,3.2,-0.72,True,False,True,False,False,True,False,-2.75%,3.41%,1.52%,-1.90%,3.37%,-6.06%,ICICIGI.NS
597.0,600.52,611.89,626.71,613.7,-1.94,-5.81,False,False,False,False,False,False,False,-5.75%,-8.03%,-7.25%,-4.90%,-8.07%,-14.84%,ICICIPRULI.NS
92.34,92.04,91.53,93.09,84.25,1.9,-3.07,False,False,True,True,False,True,False,-5.37%,1.01%,21.07%,-4.51%,0.97%,13.49%,IDBI.NS
69.0,71.24,70.32,70.8,65.99,-2.25,-4.75,False,False,True,True,False,True,False,-1.54%,1.82%,11.76%,-0.69%,1.78%,4.18%,IDFCFIRSTB.NS
55.4,55.25,55.15,58.16,53.58,3.78,-8.03,True,False,True,True,False,True,False,1.17%,-21.21%,1.11%,2.02%,-21.25%,-6.47%,IFCI.NS
452.25,442.51,454.4,460.78,409.76,3.49,-14.64,False,False,True,False,False,True,False,-1.63%,7.30%,12.49%,-0.78%,7.25%,4.90%,IIFL.NS
1163.3,1196.04,1164.85,1186.55,1094.86,-1.45,-4.88,False,False,True,True,False,True,False,1.50%,-3.17%,15.25%,2.36%,-3.21%,7.66%,INOXINDIA.NS
41.54,42.55,43.84,46.87,48.16,-3.4,-13.96,False,False,False,False,False,False,False,-6.73%,-19.64%,-18.69%,-5.87%,-19.68%,-26.28%,IRB.NS
174.0,175.53,172.77,184.26,179.21,1.7,-6.97,False,False,False,True,False,False,False,2.84%,-8.46%,-5.95%,3.70%,-8.50%,-13.53%,IRCON.NS
404.9,408.5,409.1,414.53,417.01,-1.66,-2.67,True,False,False,False,False,False,False,-0.16%,-3.64%,-4.06%,0.69%,-3.68%,-11.64%,ITC.NS
308.5,313.59,303.81,308.5,307.11,8.47,-2.37,True,False,False,True,False,True,False,4.51%,9.73%,-30.31%,5.36%,9.69%,-37.90%,ITI.NS
567.6,569.41,566.5,575.03,576.28,2.64,3.12,False,False,False,True,False,False,False,-0.92%,-3.10%,-10.00%,-0.06%,-3.14%,-17.58%,INDGN.NS
390.0,393.89,379.31,356.87,331.16,1.66,12.36,False,False,True,True,True,True,False,4.49%,19.25%,3.50%,5.34%,19.21%,-4.08%,INDIACEM.NS
2401.0,2511.99,2554.68,2511.05,2322.31,-7.66,-9.49,False,False,True,False,True,True,False,-7.28%,4.23%,4.55%,-6.42%,4.19%,-3.03%,INDIAMART.NS
737.35,699.5,671.2,645.16,583.12,9.97,17.43,True,False,True,True,True,True,False,9.91%,24.34%,49.51%,10.77%,24.30%,41.92%,INDIANB.NS
141.77,143.61,141.78,169.32,171.4,-0.21,-26.38,True,False,False,True,False,False,False,-1.97%,-28.33%,-13.63%,-1.12%,-28.37%,-21.21%,IEX.NS
724.0,760.76,760.82,760.1,775.66,-6.45,-4.27,False,False,False,False,True,False,False,-9.01%,-4.61%,-7.07%,-8.15%,-4.65%,-14.66%,INDHOTEL.NS
149.65,145.14,142.79,142.52,134.9,6.52,0.6,True,False,True,True,True,True,False,5.80%,6.02%,20.74%,6.66%,5.98%,13.15%,IOC.NS
39.59,39.42,38.36,38.61,41.82,0.3,0.89,False,False,False,True,False,False,False,3.05%,4.18%,-26.37%,3.90%,4.14%,-33.95%,IOB.NS
707.0,717.88,721.68,748.62,748.03,-0.82,-6.92,True,False,False,False,False,False,False,-2.44%,-8.81%,-6.18%,-1.59%,-8.85%,-13.76%,IRCTC.NS
125.8,125.94,126.21,132.38,132.03,1.8,-3.8,True,False,False,False,False,False,False,0.29%,-10.36%,-6.61%,1.14%,-10.40%,-14.19%,IRFC.NS
152.81,150.58,148.29,158.65,168.7,4.88,-2.18,True,False,False,True,False,False,False,3.75%,-11.98%,-25.91%,4.61%,-12.02%,-33.50%,IREDA.NS
209.07,210.93,207.45,208.94,201.37,-3.92,-1.1,True,False,True,True,False,True,False,1.85%,-1.32%,2.39%,2.70%,-1.36%,-5.19%,IGL.NS
352.65,350.89,351.29,374.8,364.16,8.79,-11.01,False,False,False,False,False,False,False,1.32%,-9.88%,3.63%,2.18%,-9.92%,-3.95%,INDUSTOWER.NS
743.0,741.8,768.02,799.48,844.52,-3.27,-11.88,True,False,False,False,False,False,False,-3.19%,-7.72%,-22.77%,-2.33%,-7.76%,-30.35%,INDUSINDBK.NS
1335.3,1358.34,1370.65,1413.02,1447.42,-2.28,-8.24,True,False,False,False,False,False,False,-5.49%,-6.59%,-10.25%,-4.63%,-6.63%,-17.84%,NAUKRI.NS
1447.9,1489.62,1486.41,1537.22,1619.32,-2.11,-7.83,True,False,False,True,False,False,False,-3.24%,-6.59%,-24.32%,-2.39%,-6.63%,-31.90%,INFY.NS
142.48,146.73,146.86,162.46,164.59,-0.6,-13.37,False,False,False,False,False,False,False,-1.19%,-26.01%,-4.41%,-0.33%,-26.05%,-12.00%,INOXWIND.NS
974.25,1001.75,998.19,1064.96,925.85,-1.18,-16.89,True,False,True,True,False,True,False,-1.36%,-9.41%,9.11%,-0.51%,-9.45%,1.53%,INTELLECT.NS
5594.0,5680.3,5799.58,5698.13,5189.35,-2.54,-5.79,False,False,True,False,True,True,False,-8.28%,5.12%,40.26%,-7.42%,5.08%,32.68%,INDIGO.NS
1327.0,1344.03,1391.13,1399.75,1433.56,-3.15,-9.66,True,False,False,False,False,False,False,-4.08%,-9.34%,-18.59%,-3.23%,-9.38%,-26.18%,IPCALAB.NS
1687.9,1702.67,1712.88,1696.46,1683.16,-2.37,0.41,True,False,True,False,True,True,False,-2.31%,1.61%,-3.30%,-1.46%,1.57%,-10.88%,JBCHEPHARM.NS
6306.0,6620.02,6786.69,6322.93,5531.49,-6.65,-2.84,False,False,True,False,True,True,False,-11.61%,15.92%,44.04%,-10.75%,15.88%,36.46%,JKCEMENT.NS
681.8,683.66,648.69,665.73,670.05,11.51,6.07,True,False,False,True,False,True,False,6.19%,-6.32%,-2.74%,7.05%,-6.36%,-10.33%,JBMA.NS
367.1,364.86,343.97,352.96,334.84,10.59,0.26,False,False,True,True,False,True,False,11.29%,-2.08%,2.11%,12.15%,-2.12%,-5.47%,JKTYRE.NS
163.3,176.31,174.46,159.16,132.11,-10.89,-3.65,False,False,True,True,True,True,False,-11.52%,35.94%,47.38%,-10.67%,35.90%,39.80%,JMFINANCIL.NS
537.0,527.33,524.31,517.72,521.59,5.49,1.03,False,False,True,True,True,True,False,3.01%,8.63%,-1.59%,3.87%,8.59%,-9.17%,JSWENERGY.NS
15494.0,18283.75,18617.14,20559.92,19976.31,-16.87,-29.68,True,False,False,False,False,False,False,-15.17%,-33.60%,-7.83%,-14.32%,-33.64%,-15.41%,JSWHL.NS
317.0,321.67,311.89,307.1,296.56,3.41,0.08,True,False,True,True,True,True,False,2.82%,10.95%,10.45%,3.68%,10.91%,2.87%,JSWINFRA.NS
1145.5,1115.79,1075.85,1044.51,1006.32,6.84,11.14,False,False,True,True,True,True,False,6.88%,14.74%,26.77%,7.73%,14.70%,19.19%,JSWSTEEL.NS
17.82,18.57,19.04,18.62,16.95,-2.94,-16.81,False,False,True,False,True,True,False,-6.55%,18.41%,8.92%,-5.70%,18.36%,1.34%,JPPOWER.NS
104.05,102.54,102.77,103.7,99.23,3.86,-6.73,True,False,True,False,False,True,False,-0.99%,5.69%,16.15%,-0.13%,5.65%,8.57%,J&KBANK.NS
204.76,207.39,207.42,217.17,236.48,-2.3,-8.89,False,False,False,False,False,False,False,-0.19%,-3.20%,-15.63%,0.67%,-3.24%,-23.21%,JINDALSAW.NS
763.0,765.33,743.55,709.95,664.94,0.31,11.04,False,False,True,True,True,True,False,-1.20%,18.23%,22.50%,-0.35%,18.18%,14.92%,JSL.NS
1063.9,1044.26,1008.55,976.12,930.24,3.46,10.47,False,False,True,True,True,True,False,5.53%,12.79%,17.16%,6.39%,12.75%,9.58%,JINDALSTEL.NS
300.8,308.48,316.12,308.04,280.05,-4.11,-5.04,False,False,True,False,True,True,False,-8.42%,3.39%,13.20%,-7.56%,3.35%,5.61%,JIOFIN.NS
622.0,635.7,639.21,662.14,672.25,-1.41,-8.77,True,False,False,False,False,False,False,-1.90%,-5.81%,-15.46%,-1.05%,-5.86%,-23.04%,JUBLFOOD.NS
650.0,690.56,718.28,729.25,713.8,-11.17,-20.38,True,False,True,False,False,False,False,-8.87%,-7.51%,-8.79%,-8.01%,-7.55%,-16.37%,JUBLINGREA.NS
1112.0,1093.98,1105.55,1110.89,1031.38,6.79,-9.35,True,False,True,False,False,True,False,2.90%,-0.42%,14.39%,3.75%,-0.46%,6.81%,JUBLPHARMA.NS
337.45,333.04,334.45,360.94,373.72,2.27,-7.31,True,False,False,False,False,False,False,-1.69%,-16.98%,-23.33%,-0.83%,-17.02%,-30.91%,JWL.NS
835.2,836.28,836.54,873.34,887.93,2.46,-5.67,True,False,False,False,False,False,False,-0.15%,-8.73%,-19.31%,0.71%,-8.77%,-26.89%,JUSTDIAL.NS
318.15,323.54,329.08,333.78,349.1,-5.62,-6.64,False,False,False,False,False,False,False,-7.50%,-5.87%,-16.74%,-6.64%,-5.91%,-24.32%,JYOTHYLAB.NS
879.0,907.98,943.8,1046.92,1078.27,-1.79,-18.25,True,False,False,False,False,False,False,-7.08%,-29.03%,-24.37%,-6.23%,-29.07%,-31.95%,JYOTICNC.NS
1050.3,1052.1,1056.54,1102.27,1028.57,6.63,-10.83,False,False,True,False,False,True,False,5.26%,-8.63%,9.74%,6.12%,-8.67%,2.16%,KPRMILL.NS
4030.6,4103.03,3972.23,3830.0,3681.82,0.23,1.01,True,False,True,True,True,True,False,1.96%,10.79%,0.35%,2.81%,10.75%,-7.23%,KEI.NS
199.0,200.16,203.58,211.6,238.03,1.56,-11.01,True,False,False,False,False,False,False,-2.24%,-9.97%,-36.80%,-1.38%,-10.01%,-44.39%,KNRCON.NS
1151.0,1239.76,1223.74,1267.95,1290.1,-5.38,-7.91,True,False,False,True,False,False,False,-5.20%,-13.14%,-12.48%,-4.34%,-13.19%,-20.06%,KPITTECH.NS
1185.7,1216.24,1223.61,1140.4,1041.24,-2.96,-2.99,False,False,True,False,True,True,False,-7.94%,13.34%,11.04%,-7.09%,13.30%,3.46%,KAJARIACER.NS
1243.0,1263.71,1229.92,1193.68,1111.52,-2.31,4.88,False,False,True,True,True,True,False,-2.75%,12.18%,6.95%,-1.90%,12.13%,-0.64%,KPIL.NS
465.8,492.71,524.82,540.61,539.38,-9.13,-21.23,False,False,False,False,False,False,False,-8.58%,-18.13%,-21.67%,-7.72%,-18.17%,-29.25%,KALYANKJIL.NS
250.0,246.76,242.87,246.22,244.87,3.46,0.77,True,False,False,True,False,True,False,2.94%,-0.81%,-0.46%,3.79%,-0.85%,-8.04%,KANSAINER.NS
210.4,210.42,213.57,208.7,193.5,1.0,-5.73,True,False,True,False,True,True,False,-2.22%,14.92%,17.79%,-1.36%,14.88%,10.20%,KARURVYSYA.NS
7163.0,7133.58,6488.29,6205.58,5813.1,8.98,21.47,False,False,True,True,True,True,False,15.52%,19.82%,16.56%,16.38%,19.78%,8.98%,KAYNES.NS
853.7,867.43,844.82,856.12,846.36,0.7,-1.04,True,False,False,True,False,True,False,4.37%,-1.83%,-9.60%,5.23%,-1.87%,-17.18%,KEC.NS
1079.0,1092.41,1099.03,1151.93,1136.3,1.12,-15.3,True,False,False,False,False,False,False,-3.68%,0.74%,-7.33%,-2.82%,0.70%,-14.92%,KFINTECH.NS
1992.0,1999.97,1969.56,1971.14,1897.61,-0.8,-4.43,True,False,True,True,False,True,False,1.17%,10.03%,3.69%,2.02%,9.99%,-3.89%,KIRLOSBROS.NS
926.0,914.66,915.62,888.6,845.6,1.05,1.33,True,False,True,False,True,True,False,-3.67%,7.18%,-0.82%,-2.82%,7.14%,-8.41%,KIRLOSENG.NS
2067.7,2000.65,1998.25,2066.28,2015.64,5.48,-4.28,True,False,False,True,False,False,False,2.47%,-0.20%,18.25%,3.33%,-0.24%,10.67%,KOTAKBANK.NS
689.9,740.38,744.88,708.37,656.67,-5.17,-9.37,True,False,True,False,True,True,False,-10.30%,2.84%,6.19%,-9.45%,2.80%,-1.39%,KIMS.NS
258.55,240.83,222.34,206.56,176.03,13.82,23.58,True,False,True,True,True,True,False,16.57%,48.30%,96.44%,17.43%,48.26%,88.85%,LTF.NS
4185.0,4181.5,4218.33,4301.17,4511.34,-0.25,-3.17,False,False,False,False,False,False,False,-2.44%,-3.86%,-10.29%,-1.58%,-3.90%,-17.88%,LTTS.NS
577.15,570.62,569.87,583.76,571.1,3.6,-5.3,True,False,False,True,False,False,False,1.64%,-1.15%,6.32%,2.49%,-1.19%,-1.26%,LICHSGFIN.NS
404.45,441.46,452.87,450.0,412.56,-9.81,-19.16,True,False,True,False,True,True,False,-10.82%,-1.51%,5.35%,-9.96%,-1.55%,-2.23%,LTFOODS.NS
5134.5,5262.68,5185.48,5207.3,5172.4,-1.09,-0.79,True,False,True,True,False,True,False,-1.92%,0.69%,-9.93%,-1.06%,0.65%,-17.51%,LTIM.NS
3685.0,3627.67,3606.43,3599.84,3482.68,2.34,6.36,True,False,True,True,True,True,False,2.00%,2.00%,7.42%,2.86%,1.96%,-0.17%,LT.NS
409.45,416.98,414.35,416.94,416.73,-3.64,-7.99,False,False,False,True,False,True,False,-3.95%,-2.58%,-7.96%,-3.10%,-2.62%,-15.54%,LATENTVIEW.NS
873.5,889.4,872.16,780.74,684.27,-0.14,6.09,True,False,True,True,True,True,False,-1.84%,43.08%,54.00%,-0.99%,43.04%,46.41%,LAURUSLABS.NS
166.64,171.97,161.72,151.8,145.3,-1.81,5.92,False,False,True,True,True,True,False,0.18%,18.07%,18.66%,1.04%,18.03%,11.08%,LEMONTREE.NS
909.4,886.63,888.75,901.36,851.97,4.44,0.26,True,False,True,False,False,True,False,1.54%,-2.18%,11.64%,2.40%,-2.22%,4.06%,LICI.NS
6240.0,6420.68,6432.07,6711.73,6434.99,-2.02,-6.85,True,False,False,False,False,False,False,-2.77%,-17.41%,-2.99%,-1.91%,-17.45%,-10.57%,LINDEINDIA.NS
1238.7,1305.68,1375.54,1413.44,1321.75,-6.72,-15.88,False,False,True,False,False,False,False,-11.34%,-8.18%,-14.49%,-10.49%,-8.22%,-22.07%,LLOYDSME.NS
1142.1,1184.5,1225.69,1322.26,1276.8,-5.39,-20.7,True,False,False,False,False,False,False,-8.90%,-20.38%,-10.74%,-8.04%,-20.42%,-18.32%,LODHA.NS
1979.2,1986.96,1954.42,1953.68,2009.17,1.44,4.64,True,False,False,True,True,False,False,0.85%,2.57%,-7.57%,1.71%,2.53%,-15.15%,LUPIN.NS
65.55,66.12,65.15,67.22,64.24,4.26,-7.26,True,False,True,True,False,True,False,0.09%,2.61%,-1.94%,0.95%,2.57%,-9.53%,MMTC.NS
148550.0,149711.0,147205.8,144417.27,131120.12,2.56,0.33,True,False,True,True,True,True,False,1.38%,1.47%,27.05%,2.23%,1.43%,19.47%,MRF.NS
1278.0,1297.27,1312.5,1356.92,1321.57,-0.54,-12.85,False,False,False,False,False,False,False,-3.92%,-4.60%,2.92%,-3.06%,-4.64%,-4.66%,MGL.NS
598.35,621.37,650.96,673.02,664.91,-9.73,-13.85,True,False,False,False,False,False,False,-11.36%,-13.54%,-5.66%,-10.51%,-13.58%,-13.24%,MAHSEAMLES.NS
273.8,276.26,265.41,262.82,264.18,5.43,3.11,True,False,True,True,True,True,False,5.00%,6.77%,5.17%,5.86%,6.73%,-2.41%,M&MFIN.NS
3468.5,3555.53,3382.69,3237.16,3046.67,5.55,6.49,False,False,True,True,True,True,False,2.77%,16.63%,14.65%,3.62%,16.59%,7.07%,M&M.NS
286.0,287.97,273.5,264.95,235.05,-0.69,5.33,False,False,True,True,True,True,False,7.78%,23.47%,61.48%,8.64%,23.43%,53.90%,MANAPPURAM.NS
133.55,128.71,128.34,135.32,132.92,4.95,-7.78,True,False,False,True,False,False,False,5.46%,-10.27%,-2.38%,6.32%,-10.31%,-9.96%,MRPL.NS
2440.0,2556.76,2542.88,2494.19,2501.79,-4.65,-8.6,False,False,True,True,True,True,False,-6.16%,-1.72%,-8.44%,-5.30%,-1.77%,-16.02%,MANKIND.NS
704.0,718.61,716.96,711.13,680.27,-4.19,-0.75,True,False,True,True,True,True,False,-4.82%,-1.15%,8.12%,-3.96%,-1.19%,0.54%,MARICO.NS
15970.0,15636.4,14296.34,13351.13,12570.34,6.99,29.23,False,False,True,True,True,True,False,11.83%,30.91%,37.49%,12.69%,30.87%,29.91%,MARUTI.NS
2200.6,2364.91,2440.65,2426.67,2451.43,-14.06,-16.66,True,False,False,False,True,False,False,-11.26%,-1.48%,-20.19%,-10.41%,-1.52%,-27.77%,MASTEK.NS
1618.0,1581.16,1572.68,1548.09,1332.86,-0.69,5.13,False,False,True,True,True,True,False,-1.18%,9.58%,50.14%,-0.32%,9.54%,42.56%,MFSL.NS
1111.9,1155.33,1202.65,1205.03,1146.78,-4.3,-8.73,True,False,True,False,False,True,False,-9.28%,-3.99%,2.84%,-8.42%,-4.03%,-4.74%,MAXHEALTH.NS
2848.0,2847.62,2785.11,3039.48,2728.28,4.96,-2.44,True,False,True,True,False,True,False,2.99%,-22.20%,27.88%,3.85%,-22.24%,20.30%,MAZDOCK.NS
2042.0,2104.14,2086.49,1910.86,1842.66,-4.96,5.33,True,False,True,True,True,True,False,-4.74%,23.13%,4.52%,-3.88%,23.09%,-3.06%,METROPOLIS.NS
579.8,529.89,510.64,516.18,519.81,14.34,9.67,True,False,False,True,False,True,False,12.18%,10.99%,10.64%,13.03%,10.95%,3.06%,MINDACORP.NS
45.9,47.49,43.09,41.68,38.89,6.74,4.77,False,False,True,True,True,True,False,7.04%,16.01%,25.92%,7.90%,15.97%,18.33%,MSUMI.NS
899.95,917.28,916.41,884.16,796.25,2.14,-3.75,True,False,True,True,True,True,False,-5.20%,14.08%,1.39%,-4.34%,14.04%,-6.19%,MOTILALOFS.NS
2690.0,2847.01,2799.25,2723.84,2642.35,-7.32,-4.03,False,False,True,True,True,True,False,-5.13%,8.12%,-1.22%,-4.28%,8.07%,-8.80%,MPHASIS.NS
8008.0,7822.6,7862.06,7756.74,6709.89,3.9,-1.41,False,False,True,False,True,True,False,1.02%,24.36%,41.18%,1.88%,24.32%,33.59%,MCX.NS
3139.0,2975.93,2785.6,2620.59,2399.36,12.77,17.38,False,False,True,True,True,True,False,17.31%,50.02%,49.61%,18.17%,49.98%,42.02%,MUTHOOTFIN.NS
806.0,849.52,887.83,897.54,963.13,-6.89,-20.46,True,False,False,False,False,False,False,-9.32%,-8.06%,-33.23%,-8.47%,-8.10%,-40.81%,NATCOPHARM.NS
109.75,107.67,106.63,112.14,100.07,6.25,-3.89,True,False,True,True,False,True,False,5.34%,-4.74%,31.78%,6.20%,-4.78%,24.20%,NBCC.NS
210.1,209.73,213.56,220.46,221.23,-1.3,-6.69,False,False,False,False,False,False,False,-3.97%,-10.65%,-13.92%,-3.12%,-10.69%,-21.50%,NCC.NS
86.7,84.27,82.94,84.57,81.76,9.22,1.03,True,False,True,True,False,True,False,5.95%,0.56%,16.38%,6.81%,0.52%,8.80%,NHPC.NS
277.0,260.55,245.29,238.55,233.3,19.72,15.54,True,False,True,True,True,True,False,17.63%,15.12%,21.51%,18.49%,15.08%,13.93%,NLCINDIA.NS
76.25,75.79,72.67,70.96,67.35,2.64,7.17,False,False,True,True,True,True,False,6.85%,9.11%,26.25%,7.71%,9.07%,18.66%,NMDC.NS
47.2,45.27,41.05,40.18,39.18,9.77,19.52,False,False,True,True,True,True,False,20.87%,18.62%,15.57%,21.73%,18.58%,7.99%,NSLNISP.NS
98.3,102.69,103.51,105.95,107.56,-7.24,-10.25,False,False,False,False,False,False,False,-6.54%,-13.22%,-10.63%,-5.69%,-13.26%,-18.21%,NTPCGREEN.NS
340.25,335.3,333.25,333.73,331.87,2.83,0.83,False,False,True,True,False,True,False,1.44%,1.07%,11.59%,2.30%,1.03%,4.01%,NTPC.NS
1733.0,1765.59,1818.52,1848.59,1668.7,-2.92,-11.0,True,False,True,False,False,True,False,-6.18%,-2.24%,32.38%,-5.32%,-2.28%,24.80%,NH.NS
214.35,209.33,196.35,190.35,186.25,4.72,10.27,False,False,True,True,True,True,False,13.27%,18.34%,11.03%,14.13%,18.30%,3.45%,NATIONALUM.NS
647.9,693.57,656.31,598.28,522.4,-8.0,7.11,False,False,True,True,True,True,False,-4.05%,42.64%,53.74%,-3.20%,42.60%,46.16%,NAVA.NS
4610.0,4732.66,4867.67,4743.45,4353.88,-4.81,-7.68,False,False,True,False,True,True,False,-7.62%,7.51%,27.12%,-6.76%,7.47%,19.53%,NAVINFLUOR.NS
1167.0,1191.76,1163.07,1181.35,1149.27,-2.33,-4.48,False,False,True,True,False,True,False,-1.05%,-3.11%,6.30%,-0.20%,-3.15%,-1.28%,NESTLEIND.NS
4081.0,3250.96,2586.19,2225.1,2035.5,61.5,115.53,True,False,True,True,True,True,False,97.79%,104.70%,62.25%,98.65%,104.66%,54.67%,NETWEB.NS
52.15,54.0,55.37,54.98,53.24,-4.59,-11.23,False,False,True,False,True,True,False,-7.29%,-1.02%,-15.12%,-6.43%,-1.07%,-22.70%,NETWORK18.NS
15398.0,15102.9,14079.82,13182.89,12970.36,12.16,8.87,True,False,True,True,True,True,False,12.45%,38.65%,17.51%,13.31%,38.61%,9.93%,NEULANDLAB.NS
893.5,890.62,883.32,1020.73,1088.72,-1.2,-2.1,True,False,False,True,False,False,False,2.57%,-27.94%,-43.00%,3.43%,-27.98%,-50.59%,NEWGEN.NS
878.8,836.8,825.82,796.17,702.04,7.68,2.53,False,False,True,True,True,True,False,1.90%,21.10%,40.01%,2.76%,21.06%,32.42%,NAM-INDIA.NS
81.99,82.01,82.72,84.13,81.16,-2.19,-7.75,True,False,True,False,False,True,False,-4.12%,-6.77%,5.97%,-3.26%,-6.81%,-1.61%,NIVABUPA.NS
6490.5,6331.25,6715.18,6997.22,6441.32,-0.6,-14.92,True,False,True,False,False,False,False,-5.31%,-5.42%,7.28%,-4.46%,-5.46%,-0.30%,NUVAMA.NS
1593.0,1632.79,1644.93,1732.98,1757.26,-2.76,-13.09,True,False,False,False,False,False,False,-3.42%,-8.42%,-24.89%,-2.56%,-8.46%,-32.47%,OBEROIRLTY.NS
243.2,236.1,236.2,239.89,240.05,2.26,-0.78,True,False,False,False,False,False,False,2.60%,0.75%,-4.23%,3.45%,0.70%,-11.82%,ONGC.NS
414.0,402.46,411.37,425.63,414.41,3.18,-7.93,True,False,False,False,False,False,False,1.16%,-3.39%,-9.06%,2.01%,-3.44%,-16.64%,OIL.NS
55.7,58.28,51.02,48.76,56.44,-19.26,38.66,False,False,False,True,True,True,False,14.12%,5.27%,-23.57%,14.97%,5.23%,-31.15%,OLAELEC.NS
1559.8,1603.59,1532.89,1378.09,1321.18,-1.3,22.7,False,False,True,True,True,True,False,1.95%,25.94%,8.65%,2.81%,25.90%,1.07%,OLECTRA.NS
1149.9,1196.67,1172.06,1043.12,935.47,-10.74,9.4,False,False,True,True,True,True,False,-7.68%,34.87%,40.59%,-6.83%,34.83%,33.01%,PAYTM.NS
8735.0,8817.3,8671.29,8775.75,8891.04,3.05,-0.97,True,False,False,True,False,False,False,-0.32%,3.96%,-16.89%,0.54%,3.92%,-24.47%,OFSS.NS
1673.0,1778.58,1805.53,1813.14,1750.2,-8.59,-8.12,True,False,True,False,False,True,False,-12.31%,-4.21%,-4.06%,-11.46%,-4.25%,-11.64%,POLICYBZR.NS
382.0,386.77,386.14,396.65,397.45,-0.53,-8.05,False,False,False,True,False,False,False,-0.47%,-5.69%,6.80%,0.39%,-5.73%,-0.78%,PCBL.NS
512.25,551.23,604.51,688.92,779.02,-7.36,-35.04,False,False,False,False,False,False,False,-8.35%,-34.29%,-39.81%,-7.49%,-34.33%,-47.40%,PGEL.NS
3562.2,3681.5,3845.56,3904.47,3695.12,-5.45,-13.35,True,False,True,False,False,False,False,-5.39%,-3.06%,-1.02%,-4.53%,-3.10%,-8.60%,PIIND.NS
882.5,836.79,847.6,958.87,920.13,15.93,-18.04,True,False,False,False,False,False,False,7.92%,-15.27%,3.71%,8.78%,-15.31%,-3.88%,PNBHOUSING.NS
294.0,303.42,306.02,302.85,293.07,-3.64,-6.34,False,False,True,False,True,True,False,-5.75%,-1.99%,-3.65%,-4.90%,-2.03%,-11.24%,PNCINFRA.NS
15700.0,14571.5,14421.36,14587.9,14042.0,13.44,8.29,True,False,True,True,False,True,False,17.15%,0.29%,-8.10%,18.00%,0.25%,-15.68%,PTCIL.NS
1099.0,1118.25,1085.17,1035.08,1047.16,-2.03,6.45,False,False,True,True,True,True,False,1.11%,10.72%,1.95%,1.96%,10.68%,-5.63%,PVRINOX.NS
42060.0,43911.25,45010.07,45974.41,45019.32,-6.16,-9.71,True,False,False,False,False,False,False,-7.84%,-10.64%,-9.01%,-6.99%,-10.68%,-16.60%,PAGEIND.NS
578.05,597.33,602.85,585.39,595.45,-4.53,-10.41,False,False,True,False,True,True,False,-3.80%,-0.40%,-4.74%,-2.95%,-0.45%,-12.32%,PATANJALI.NS
4960.0,5233.88,5250.08,5510.33,5584.45,-7.58,-13.19,True,False,False,False,False,False,False,-7.25%,-10.94%,-15.14%,-6.39%,-10.98%,-22.72%,PERSISTENT.NS
275.65,275.8,278.91,291.74,298.64,-0.54,-9.1,True,False,False,False,False,False,False,-0.92%,-11.00%,-14.46%,-0.06%,-11.04%,-22.04%,PETRONET.NS
5147.0,5100.2,5199.57,5328.64,4869.52,-0.52,-2.77,True,False,True,False,False,True,False,-9.39%,-6.04%,1.78%,-8.54%,-6.08%,-5.80%,PFIZER.NS
1559.6,1569.89,1524.21,1545.45,1575.15,-0.23,4.58,False,False,False,True,False,False,False,-0.09%,-3.20%,2.14%,0.77%,-3.24%,-5.44%,PHOENIXLTD.NS
1478.0,1519.56,1512.64,1504.3,1462.92,-5.01,2.09,True,False,True,True,True,True,False,-3.99%,-0.18%,6.64%,-3.14%,-0.22%,-0.94%,PIDILITIND.NS
1124.2,1107.84,1165.74,1152.08,1073.88,0.36,-16.06,False,False,True,False,True,True,False,-4.99%,3.11%,9.98%,-4.13%,3.07%,2.40%,PEL.NS
199.17,199.24,195.86,200.08,211.93,-0.99,-2.99,False,False,False,True,False,False,False,3.71%,-1.77%,-15.17%,4.56%,-1.81%,-22.76%,PPLPHARMA.NS
1952.0,1988.86,1993.07,2116.08,2253.28,-5.4,-5.04,True,False,False,False,False,False,False,-0.47%,-16.99%,-23.51%,0.38%,-17.03%,-31.09%,POLYMED.NS
7336.0,7356.62,7122.68,6712.1,6266.57,1.4,5.39,False,False,True,True,True,True,False,3.55%,21.78%,13.94%,4.41%,21.74%,6.35%,POLYCAB.NS
501.0,465.73,450.65,440.0,383.6,13.11,10.74,True,False,True,True,True,True,False,11.15%,24.91%,62.21%,12.00%,24.87%,54.63%,POONAWALLA.NS
412.0,402.82,403.08,406.7,405.25,4.49,0.24,True,False,False,False,False,False,False,2.94%,1.46%,1.94%,3.79%,1.42%,-5.65%,PFC.NS
281.3,285.28,285.72,289.55,289.14,-1.66,-5.13,False,False,False,False,False,False,False,-0.95%,-2.97%,-1.53%,-0.10%,-3.01%,-9.11%,POWERGRID.NS
336.7,378.57,411.44,450.53,526.43,-18.42,-30.86,True,False,False,False,False,False,False,-18.44%,-29.94%,-52.91%,-17.58%,-29.99%,-60.50%,PRAJIND.NS
1018.0,1035.32,1027.82,1040.9,1036.06,-0.69,-3.14,False,False,False,True,False,False,False,-0.41%,-2.09%,-8.67%,0.45%,-2.13%,-16.25%,PREMIERENE.NS
1542.0,1567.38,1599.96,1608.01,1475.37,-2.71,-13.9,False,False,True,False,False,True,False,-5.32%,6.34%,8.24%,-4.47%,6.29%,0.65%,PRESTIGE.NS
112.65,109.14,106.96,106.29,100.34,8.01,3.04,True,False,True,True,True,True,False,5.12%,13.32%,17.79%,5.98%,13.28%,10.21%,PNB.NS
1268.0,1243.86,1264.49,1307.91,1220.16,4.7,-11.56,True,False,True,False,False,True,False,4.19%,-3.21%,-2.86%,5.05%,-3.25%,-10.44%,RRKABEL.NS
275.0,271.67,263.56,247.35,207.78,2.22,8.03,True,False,True,True,True,True,False,8.60%,33.02%,79.31%,9.45%,32.98%,71.73%,RBLBANK.NS
378.2,375.86,378.16,385.91,406.09,2.83,-2.05,True,False,False,False,False,False,False,-0.63%,-4.47%,-17.56%,0.22%,-4.51%,-25.15%,RECLTD.NS
450.0,468.86,483.45,476.7,468.7,-5.67,-6.25,True,False,True,False,True,True,False,-9.05%,-2.60%,-6.77%,-8.19%,-2.64%,-14.35%,RHIM.NS
252.0,261.29,256.39,266.92,252.01,-3.12,-6.87,True,False,True,True,False,True,False,-1.89%,-11.09%,-0.99%,-1.03%,-11.13%,-8.57%,RITES.NS
2918.0,2912.23,2861.23,2737.38,2526.54,0.55,5.95,False,False,True,True,True,True,False,0.80%,19.00%,35.80%,1.66%,18.96%,28.22%,RADICO.NS
345.7,344.59,339.38,368.75,373.2,3.32,-6.65,False,False,False,True,False,False,False,5.19%,-16.49%,-7.76%,6.04%,-16.54%,-15.34%,RVNL.NS
385.9,376.28,366.01,388.76,363.38,10.87,-3.75,True,False,True,True,False,True,False,6.56%,-3.64%,2.95%,7.41%,-3.68%,-4.63%,RAILTEL.NS
1342.3,1449.36,1497.13,1472.53,1441.03,-10.56,-12.07,True,False,True,False,True,True,False,-14.39%,-0.92%,-13.36%,-13.54%,-0.96%,-20.95%,RAINBOW.NS
540.8,563.67,574.84,606.93,684.78,-6.21,-14.09,True,False,False,False,False,False,False,-6.25%,-10.95%,-42.29%,-5.39%,-10.99%,-49.87%,RKFORGE.NS
146.85,151.87,151.83,153.6,149.36,-9.02,-4.65,False,False,True,True,False,True,False,-6.92%,-3.88%,-9.91%,-6.07%,-3.92%,-17.50%,RCF.NS
52.7,56.36,55.78,55.95,52.85,-12.86,-12.63,False,False,True,True,False,True,False,-1.72%,11.68%,-7.54%,-0.86%,11.64%,-15.13%,RTNINDIA.NS
1176.1,1258.96,1185.11,1156.89,1273.91,-5.4,-1.98,False,False,False,True,True,False,False,-5.15%,8.42%,-34.79%,-4.30%,8.38%,-42.38%,RAYMONDLSL.NS
584.5,611.8,628.79,638.33,1072.49,-4.97,-19.06,False,False,False,False,False,False,False,-7.66%,-5.60%,-61.61%,-6.81%,-5.64%,-69.19%,RAYMOND.NS
278.5,267.12,257.96,273.1,247.22,17.37,-10.71,True,False,True,True,False,True,False,14.99%,6.38%,41.09%,15.84%,6.34%,33.51%,REDINGTON.NS
1370.0,1385.27,1387.56,1420.32,1338.34,-0.19,-2.64,True,False,True,False,False,True,False,-3.85%,-2.65%,11.04%,-2.99%,-2.69%,3.46%,RELIANCE.NS
45.79,46.6,47.56,54.22,47.06,-4.1,-25.37,False,False,True,False,False,False,False,-8.58%,-9.20%,17.77%,-7.73%,-9.24%,10.19%,RPOWER.NS
796.2,851.28,872.65,929.76,1025.3,-6.6,-16.57,False,False,False,False,False,False,False,-11.56%,-16.49%,-39.34%,-10.70%,-16.53%,-46.93%,ROUTE.NS
108.3,107.67,107.63,108.93,99.16,0.46,-5.49,False,False,True,True,False,True,False,-3.19%,1.42%,30.28%,-2.34%,1.38%,22.70%,SBFC.NS
875.8,857.24,834.19,884.86,847.12,10.39,-2.54,True,False,False,True,False,True,False,7.05%,-4.38%,23.11%,7.91%,-4.42%,15.52%,SBICARD.NS
1800.8,1814.92,1826.77,1814.09,1655.15,-0.5,0.69,True,False,True,False,True,True,False,-2.87%,-0.04%,22.05%,-2.02%,-0.09%,14.47%,SBILIFE.NS
91.1,92.59,94.02,96.7,95.67,-2.73,-7.69,False,False,False,False,False,False,False,-6.11%,-10.93%,-1.60%,-5.26%,-10.97%,-9.18%,SJVN.NS
4772.0,4774.74,4712.59,4697.67,4355.85,5.27,-3.89,True,False,True,True,True,True,False,4.87%,5.30%,10.84%,5.73%,5.26%,3.26%,SKFINDIA.NS
2907.0,2919.54,2947.12,3006.98,2869.98,0.32,-8.67,True,False,True,False,False,True,False,-0.77%,0.67%,12.04%,0.08%,0.63%,4.46%,SRF.NS
43.62,44.09,44.54,43.32,44.33,-1.89,0.21,False,False,True,False,True,False,False,-4.15%,9.24%,-9.56%,-3.30%,9.20%,-17.14%,SAGILITY.NS
168.55,140.87,130.7,129.29,129.87,21.6,24.68,True,False,True,True,True,True,False,36.85%,37.73%,17.92%,37.71%,37.69%,10.33%,SAMMAANCAP.NS
105.99,104.85,99.59,100.41,95.73,9.8,9.0,False,False,True,True,False,True,False,8.26%,6.92%,9.62%,9.12%,6.88%,2.04%,MOTHERSON.NS
296.95,318.68,321.73,323.03,318.56,-8.77,-13.2,True,False,True,False,False,True,False,-8.97%,-8.15%,-9.65%,-8.11%,-8.19%,-17.23%,SAPPHIRE.NS
550.75,582.42,551.06,497.18,484.66,-8.39,24.63,False,False,True,True,True,True,False,-6.51%,24.26%,17.31%,-5.65%,24.22%,9.73%,SARDAEN.NS
471.35,486.39,484.78,504.43,506.86,-4.7,-6.03,True,False,False,True,False,False,False,-2.29%,-15.04%,-12.14%,-1.44%,-15.08%,-19.72%,SAREGAMA.NS
4186.0,4016.04,4004.41,4042.39,3663.56,8.53,-2.25,True,False,True,True,False,True,False,5.75%,4.80%,32.52%,6.60%,4.76%,24.93%,SCHAEFFLER.NS
830.5,872.96,894.06,832.08,750.46,-5.22,-9.46,True,False,True,False,True,True,False,-1.05%,18.99%,17.96%,-0.19%,18.95%,10.38%,SCHNEIDER.NS
223.4,218.4,211.49,208.83,191.81,3.7,6.27,False,False,True,True,True,True,False,6.36%,11.88%,18.82%,7.21%,11.84%,11.24%,SCI.NS
29400.0,29762.0,30281.2,30320.66,29149.78,-1.57,-4.33,False,False,True,False,False,True,False,-4.87%,-5.28%,14.65%,-4.01%,-5.32%,7.07%,SHREECEM.NS
30.12,31.26,30.3,31.49,32.13,-7.41,-5.25,False,False,False,True,False,False,False,2.34%,-9.25%,-16.24%,3.20%,-9.29%,-23.82%,RENUKA.NS
647.9,616.46,615.94,640.92,619.29,10.51,1.21,True,False,False,True,False,False,False,4.53%,-0.75%,20.17%,5.39%,-0.79%,12.59%,SHRIRAMFIN.NS
923.0,919.82,937.92,903.1,849.4,2.27,1.75,False,False,True,False,True,True,False,-2.44%,6.34%,18.50%,-1.58%,6.30%,10.92%,SHYAMMETL.NS
3127.9,3197.94,3141.79,3185.91,3205.2,-2.62,-0.44,False,False,False,True,False,False,False,-2.17%,-6.28%,-8.80%,-1.31%,-6.32%,-16.38%,SIEMENS.NS
1048.2,1106.88,1123.4,1182.59,1177.03,-2.27,-15.92,True,False,False,False,False,False,False,-4.95%,-11.66%,-16.34%,-4.10%,-11.70%,-23.92%,SIGNATURE.NS
1517.0,1532.15,1541.18,1516.68,1407.84,4.02,-10.51,True,False,True,False,True,True,False,1.30%,12.19%,10.88%,2.16%,12.15%,3.30%,SOBHA.NS
13477.0,14190.05,14415.62,15212.85,12769.96,-4.05,-9.59,False,False,True,False,False,True,False,-8.31%,-15.11%,41.50%,-7.46%,-15.15%,33.92%,SOLARINDS.NS
414.85,429.13,443.47,470.93,492.3,-7.81,-12.28,False,False,False,False,False,False,False,-6.28%,-22.80%,-26.73%,-5.43%,-22.84%,-34.31%,SONACOMS.NS
347.6,372.03,371.81,389.46,420.91,-3.32,-18.04,True,False,False,True,False,False,False,-7.84%,-12.92%,-40.10%,-6.98%,-12.96%,-47.68%,SONATSOFTW.NS
457.05,447.25,442.05,442.11,425.65,1.11,2.89,False,False,True,True,False,True,False,3.83%,-3.98%,-0.89%,4.68%,-4.02%,-8.47%,STARHEALTH.NS
865.15,842.39,823.4,813.9,782.06,6.53,6.15,True,False,True,True,True,True,False,4.78%,8.61%,17.96%,5.63%,8.57%,10.38%,SBIN.NS
135.3,132.72,126.52,127.76,118.62,5.64,0.74,False,False,True,True,False,True,False,11.15%,6.23%,29.39%,12.01%,6.19%,21.81%,SAIL.NS
246.4,260.32,269.49,288.75,304.78,-9.64,-20.22,False,False,False,False,False,False,False,-11.64%,-12.67%,-40.39%,-10.78%,-12.71%,-47.97%,SWSOLAR.NS
544.0,564.7,582.24,553.85,532.78,-4.72,-6.76,False,False,True,False,True,True,False,-7.82%,8.33%,17.38%,-6.96%,8.29%,9.80%,SUMICHEM.NS
1639.0,1612.23,1625.72,1653.12,1695.06,3.82,-2.32,True,False,False,False,False,False,False,-0.07%,-1.32%,-6.58%,0.78%,-1.36%,-14.16%,SUNPHARMA.NS
588.15,551.45,559.73,581.51,603.77,4.78,1.18,True,False,False,False,False,False,False,2.05%,-6.06%,-9.07%,2.90%,-6.10%,-16.65%,SUNTV.NS
4398.0,4524.21,4652.56,4851.59,4744.01,-1.8,-15.2,False,False,False,False,False,False,False,-15.69%,-11.33%,-3.96%,-14.83%,-11.37%,-11.54%,SUNDARMFIN.NS
1008.45,1019.95,998.97,1003.26,990.99,-0.58,0.04,True,False,True,True,False,True,False,1.83%,-1.56%,-1.58%,2.69%,-1.60%,-9.16%,SUNDRMFAST.NS
4190.0,4431.32,4389.68,4284.88,4058.18,-8.41,-0.63,False,False,True,True,True,True,False,-8.88%,4.37%,-7.31%,-8.02%,4.33%,-14.89%,SUPREMEIND.NS
55.2,57.54,59.59,62.42,59.47,-4.81,-17.09,True,False,True,False,False,False,False,-5.09%,-16.77%,-3.45%,-4.23%,-16.81%,-11.03%,SUZLON.NS
464.3,466.22,458.5,453.94,485.9,0.76,-9.79,True,False,False,True,True,False,False,0.73%,5.23%,-27.38%,1.58%,5.19%,-34.96%,SWANCORP.NS
417.9,432.87,419.46,391.37,396.58,-2.95,0.18,False,False,True,True,True,True,False,-4.09%,30.51%,-10.04%,-3.23%,30.47%,-17.62%,SWIGGY.NS
631.7,648.2,661.48,652.93,696.79,-0.62,-5.86,False,False,False,False,True,False,False,-5.36%,-3.24%,-23.07%,-4.50%,-3.29%,-30.65%,SYNGENE.NS
804.65,821.63,766.04,669.38,583.88,1.85,13.53,False,False,True,True,True,True,False,8.21%,49.55%,48.72%,9.07%,49.51%,41.14%,SYRMA.NS
1520.0,1568.82,1468.12,1390.55,1407.55,11.68,7.1,False,False,True,True,True,True,False,4.45%,16.32%,-12.71%,5.31%,16.28%,-20.29%,TBOTEK.NS
3457.9,3483.12,3211.25,3010.39,2727.27,3.03,21.36,False,False,True,True,True,True,False,6.33%,24.53%,52.07%,7.19%,24.49%,44.49%,TVSMOTOR.NS
688.75,695.78,656.75,642.43,590.12,8.25,2.12,True,False,True,True,True,True,False,9.50%,12.98%,4.68%,10.35%,12.94%,-2.91%,TANLA.NS
918.45,956.31,952.24,931.63,909.99,-2.21,-4.59,True,False,True,True,True,True,False,-2.31%,3.72%,-3.77%,-1.46%,3.68%,-11.35%,TATACHEM.NS
1610.0,1627.56,1640.96,1664.5,1614.26,2.8,-7.3,False,False,True,False,False,True,False,1.32%,-3.32%,-2.56%,2.18%,-3.36%,-10.14%,TATACOMM.NS
2915.1,3054.2,3068.04,3232.09,3485.76,-5.89,-7.74,True,False,False,False,False,False,False,-6.04%,-15.63%,-30.12%,-5.19%,-15.67%,-37.70%,TCS.NS
1143.0,1112.29,1087.31,1096.75,1049.07,3.5,5.37,False,False,True,True,False,True,False,5.05%,2.68%,19.55%,5.90%,2.64%,11.97%,TATACONSUM.NS
5215.0,5546.25,5671.53,5977.96,5923.38,-3.92,-16.02,True,False,False,False,False,False,False,-7.85%,-18.50%,-13.33%,-6.99%,-18.54%,-20.91%,TATAELXSI.NS
10620.0,7717.12,7203.55,6906.4,6530.16,56.12,58.13,True,False,True,True,True,True,False,52.72%,65.75%,71.78%,53.57%,65.71%,64.19%,TATAINVEST.NS
718.0,699.84,684.07,690.69,689.78,3.75,6.62,True,False,False,True,False,True,False,4.76%,0.87%,-6.01%,5.61%,0.83%,-13.59%,TATAMOTORS.NS
391.9,389.24,388.3,393.91,381.29,0.71,-1.82,True,False,True,True,False,True,False,0.99%,-0.54%,10.44%,1.85%,-0.58%,2.86%,TATAPOWER.NS
167.56,169.98,163.4,160.46,148.5,-0.17,2.77,False,False,True,True,True,True,False,3.75%,6.34%,35.09%,4.60%,6.30%,27.51%,TATASTEEL.NS
691.75,693.14,688.02,708.83,722.26,1.01,-3.43,True,False,False,True,False,False,False,0.40%,-9.11%,-11.60%,1.25%,-9.15%,-19.19%,TATATECH.NS
55.3,56.88,57.96,62.81,64.41,-4.57,-11.72,True,False,False,False,False,False,False,-5.53%,-25.63%,-20.60%,-4.68%,-25.67%,-28.18%,TTML.NS
1418.0,1486.18,1488.39,1543.06,1540.12,-5.98,-8.35,True,False,False,False,False,False,False,-6.79%,-8.63%,-12.36%,-5.93%,-8.67%,-19.94%,TECHM.NS
1339.9,1421.67,1442.73,1452.41,1295.73,-12.98,-11.13,False,False,True,False,False,True,False,-10.77%,-6.25%,2.60%,-9.91%,-6.29%,-4.98%,TECHNOE.NS
583.3,595.78,589.93,646.44,767.21,-4.75,-6.79,False,False,False,True,False,False,False,-5.93%,-20.16%,-44.61%,-5.07%,-20.20%,-52.20%,TEJASNET.NS
190.5,193.71,190.64,187.2,178.98,-3.89,4.34,False,False,True,True,True,True,False,-3.34%,3.27%,0.77%,-2.49%,3.23%,-6.81%,NIACL.NS
991.8,1047.68,1087.79,1064.16,988.37,-6.3,-13.95,True,False,True,False,True,True,False,-8.72%,1.10%,8.43%,-7.86%,1.05%,0.85%,RAMCOCEM.NS
3176.0,3286.26,3375.73,3438.83,3509.01,-2.58,-19.48,False,False,False,False,False,False,False,-1.89%,-8.52%,-14.65%,-1.04%,-8.56%,-22.23%,THERMAX.NS
3061.0,3006.43,3031.61,3131.72,2921.71,4.3,-11.65,False,False,True,False,False,True,False,2.74%,-1.90%,9.41%,3.59%,-1.94%,1.83%,TIMKEN.NS
885.5,899.25,870.36,889.56,893.07,5.17,-4.26,False,False,False,True,False,True,False,6.99%,-2.66%,-14.73%,7.85%,-2.70%,-22.31%,TITAGARH.NS
3404.8,3510.37,3508.16,3518.93,3395.22,-7.74,-1.95,True,False,True,True,False,True,False,-5.85%,-4.47%,2.79%,-4.99%,-4.51%,-4.80%,TITAN.NS
3565.4,3587.88,3605.74,3433.75,3319.08,-0.53,1.25,True,False,True,False,True,True,False,-2.36%,12.07%,9.94%,-1.51%,12.03%,2.36%,TORNTPHARM.NS
1215.8,1258.16,1289.42,1351.77,1388.93,-7.49,-9.46,False,False,False,False,False,False,False,-5.88%,-12.61%,-10.49%,-5.03%,-12.65%,-18.07%,TORNTPOWER.NS
491.2,509.83,507.62,505.88,496.44,-3.04,-4.1,False,False,True,True,True,True,False,-1.09%,-4.84%,-7.62%,-0.23%,-4.88%,-15.20%,TARIL.NS
4843.0,5062.92,5207.98,5429.68,5531.22,-11.61,-9.65,True,False,False,False,False,False,False,-11.18%,-12.80%,-21.33%,-10.32%,-12.85%,-28.91%,TRENT.NS
28.44,29.05,28.89,29.96,29.21,0.21,-6.35,False,False,False,True,False,False,False,-0.66%,-12.60%,-7.36%,0.19%,-12.64%,-14.94%,TRIDENT.NS
340.5,353.13,347.93,374.88,386.29,-2.63,-5.5,False,False,False,True,False,False,False,1.10%,-19.02%,-16.19%,1.96%,-19.06%,-23.78%,TRIVENI.NS
523.0,524.42,538.96,574.73,586.16,-0.83,-20.5,False,False,False,False,False,False,False,-1.96%,-11.33%,-23.35%,-1.10%,-11.37%,-30.93%,TRITURBINE.NS
3085.1,3210.1,3070.18,3026.66,3017.47,-1.78,5.75,False,False,True,True,True,True,False,-2.13%,0.97%,-10.59%,-1.28%,0.93%,-18.17%,TIINDIA.NS
30.7,29.76,29.3,30.54,33.97,6.71,-2.97,True,False,False,True,False,False,False,5.03%,-1.76%,-31.30%,5.88%,-1.80%,-38.88%,UCOBANK.NS
1324.3,1299.2,1217.29,1138.19,1040.42,3.2,24.77,False,False,True,True,True,True,False,7.61%,32.36%,26.37%,8.47%,32.32%,18.78%,UNOMINDA.NS
661.0,685.05,700.08,673.27,637.3,-7.63,-8.56,False,False,True,False,True,True,False,-7.22%,5.75%,23.11%,-6.37%,5.71%,15.52%,UPL.NS
1302.0,1349.7,1350.71,1288.15,1181.38,0.39,-7.42,True,False,True,False,True,True,False,-7.53%,10.39%,11.20%,-6.68%,10.35%,3.61%,UTIAMC.NS
12125.0,12448.55,12449.86,12089.24,11654.31,-4.75,-2.98,False,False,True,False,True,True,False,-5.82%,6.84%,14.95%,-4.96%,6.80%,7.37%,ULTRACEMCO.NS
138.8,134.81,133.39,137.33,125.55,8.05,0.4,True,False,True,True,False,True,False,1.66%,0.34%,37.88%,2.52%,0.30%,30.29%,UNIONBANK.NS
1800.0,1799.93,1867.88,1931.51,1978.83,-1.6,-11.13,False,False,False,False,False,False,False,-4.91%,-12.17%,-7.94%,-4.05%,-12.21%,-15.52%,UBL.NS
1347.5,1321.58,1318.87,1393.0,1420.52,0.03,-0.79,False,False,False,True,False,False,False,0.87%,-11.58%,-8.37%,1.72%,-11.62%,-15.95%,UNITDSPR.NS
453.0,412.56,386.45,359.78,343.6,18.35,19.13,True,False,True,True,True,True,False,24.42%,44.14%,33.46%,25.27%,44.10%,25.88%,USHAMART.NS
370.6,369.84,370.43,376.43,372.57,3.42,-6.81,True,False,False,False,False,False,False,-0.43%,-1.80%,-5.18%,0.43%,-1.84%,-12.76%,VGUARD.NS
163.8,170.36,175.54,195.45,176.73,-9.08,-16.39,False,False,False,False,False,False,False,-8.68%,-14.24%,4.66%,-7.82%,-14.28%,-2.92%,DBREALTY.NS
410.8,420.16,423.13,454.5,451.91,-0.64,-17.09,False,False,False,False,False,False,False,-4.49%,-15.99%,-12.04%,-3.63%,-16.03%,-19.62%,VTL.NS
443.0,464.58,488.43,480.4,511.6,-12.32,-8.62,False,False,False,False,True,False,False,-14.35%,-8.36%,-21.55%,-13.50%,-8.41%,-29.13%,VBL.NS
690.0,719.9,738.37,758.57,849.03,-6.91,-12.28,False,False,False,False,False,False,False,-10.39%,-9.56%,-40.73%,-9.54%,-9.60%,-48.32%,MANYAVAR.NS
464.3,450.49,435.09,432.16,422.53,5.65,6.84,False,False,True,True,True,True,False,7.72%,9.44%,13.57%,8.58%,9.40%,5.98%,VEDL.NS
1022.0,1055.82,1052.59,1009.44,1023.4,-2.07,-0.4,False,False,True,True,True,True,False,-2.89%,9.43%,-17.53%,-2.03%,9.39%,-25.12%,VIJAYA.NS
8.5,7.91,7.23,7.16,7.54,29.38,15.33,True,False,False,True,True,True,False,29.77%,19.38%,3.03%,30.63%,19.34%,-4.55%,IDEA.NS
1351.6,1400.27,1361.03,1329.31,1383.34,-4.27,-1.84,False,False,False,True,True,True,False,-1.98%,8.40%,-18.30%,-1.12%,8.36%,-25.88%,VOLTAS.NS
3322.0,3423.15,3258.72,3106.21,2778.73,3.04,7.13,False,False,True,True,True,True,False,3.06%,18.77%,26.93%,3.91%,18.73%,19.35%,WAAREEENER.NS
857.0,875.75,882.54,882.29,829.17,1.01,-7.2,False,False,True,False,True,True,False,-2.50%,10.97%,14.05%,-1.65%,10.93%,6.46%,WELCORP.NS
116.99,119.94,120.5,129.86,132.36,2.23,-16.41,True,False,False,False,False,False,False,-2.03%,-19.58%,-19.44%,-1.17%,-19.62%,-27.02%,WELSPUNLIV.NS
680.25,723.97,718.44,721.03,731.03,-7.96,-10.42,True,False,False,True,False,False,False,-4.27%,1.18%,-7.23%,-3.42%,1.14%,-14.81%,WESTLIFE.NS
1178.0,1324.81,1322.12,1321.52,1308.68,-10.53,-18.15,True,False,True,True,True,True,False,-7.99%,-7.03%,-30.50%,-7.13%,-7.07%,-38.09%,WHIRLPOOL.NS
241.8,247.86,248.06,250.67,262.92,-3.11,-5.06,True,False,False,False,False,False,False,-3.25%,-0.35%,-14.14%,-2.39%,-0.39%,-21.72%,WIPRO.NS
1492.0,1499.49,1520.36,1561.04,1472.16,0.27,-12.81,True,False,True,False,False,True,False,2.06%,11.58%,9.14%,2.91%,11.54%,1.56%,WOCKPHARMA.NS
21.77,20.97,19.89,20.21,19.21,6.98,8.9,False,False,True,True,False,True,False,12.04%,3.13%,20.81%,12.90%,3.09%,13.23%,YESBANK.NS
13090.0,13352.1,13617.09,13429.08,12556.55,-7.75,-0.89,True,False,True,False,True,True,False,-10.47%,0.54%,17.77%,-9.61%,0.50%,10.19%,ZFCVINDIA.NS
114.25,115.44,115.6,124.17,116.24,-1.75,-12.81,True,False,False,False,False,False,False,-0.39%,-9.12%,-6.34%,0.46%,-9.17%,-13.92%,ZEEL.NS
1475.0,1506.51,1510.07,1723.72,1693.91,-0.51,-22.19,True,False,False,False,False,False,False,3.76%,-26.64%,-32.43%,4.61%,-26.69%,-40.01%,ZENTEC.NS
768.8,801.28,799.82,813.98,778.49,-1.27,-5.24,False,False,True,True,False,True,False,-5.01%,-6.73%,4.92%,-4.15%,-6.77%,-2.66%,ZENSARTECH.NS
994.0,1024.92,993.69,967.57,941.1,0.3,3.12,False,False,True,True,True,True,False,0.46%,10.14%,0.10%,1.32%,10.10%,-7.48%,ZYDUSLIFE.NS
3970.1,4323.27,4122.13,3781.14,3382.46,-11.71,6.87,False,False,True,True,True,True,False,-1.73%,18.07%,21.44%,-0.88%,18.03%,13.86%,ECLERX.NS
